expend,area,region
184.33,Rural,5
62.73,Rural,5
119.13,Rural,5
76.61,Rural,5
97.46,Rural,5
132.09,Rural,5
99.86,Rural,5
79.97,Rural,5
88.6,Rural,5
161.03,Rural,5
916.19,Rural,5
71.58,Rural,5
123.74,Rural,5
71.96,Rural,5
155.26,Rural,5
237.95,Rural,5
146.79,Rural,5
62.22,Rural,5
152.44,Rural,5
183.42,Rural,5
37.81,Rural,5
72.08,Rural,5
78.69,Rural,5
78.32,Rural,5
111.89,Rural,5
107.64,Rural,5
99.29,Rural,5
287.67,Rural,5
191.6,Rural,5
92.02,Rural,5
89.77,Rural,5
73.55,Rural,5
58.68,Rural,5
90.33,Rural,5
131.41,Rural,5
92.87,Rural,5
106.55,Rural,5
173.68,Rural,5
258.55,Rural,5
77.36,Rural,5
123.24,Rural,5
127.46,Rural,5
162.81,Rural,5
79.38,Rural,5
61.34,Rural,5
83.82,Rural,5
241.34,Rural,5
54.35,Rural,5
131.13,Rural,5
200.78,Rural,5
111.4,Rural,5
292.41,Rural,5
200.26,Rural,5
90.08,Rural,5
132.78,Rural,5
181.1,Rural,5
65.45,Rural,5
88.28,Rural,5
131.02,Rural,5
210.87,Rural,5
111.3,Rural,5
61.3,Rural,5
138.37,Rural,5
129.92,Rural,5
152.53,Rural,5
126.33,Rural,5
156.19,Rural,5
91.12,Rural,5
622.45,Rural,5
84.86,Rural,5
150.61,Rural,5
87.13,Rural,5
161.55,Rural,5
64.33,Rural,5
219.23,Rural,5
95.03,Rural,5
149.01,Rural,5
101.07,Rural,5
65.74,Rural,5
64.52,Rural,5
97.51,Rural,5
123.02,Rural,5
285.94,Rural,5
343.7,Rural,5
123.89,Rural,5
102.27,Rural,5
223.42,Rural,5
56.19,Rural,5
109.03,Rural,5
131.02,Rural,5
68.83,Rural,5
62.47,Rural,5
38.15,Rural,5
86.75,Rural,5
204.64,Rural,5
33.53,Rural,5
123.35,Rural,5
83.2,Rural,5
117.77,Rural,5
119.23,Rural,5
62.13,Rural,5
115.99,Rural,5
173.22,Rural,5
219.25,Rural,5
112.04,Rural,5
73.65,Rural,5
113.03,Rural,5
59.32,Rural,5
85.94,Rural,5
109.39,Rural,5
284.16,Rural,5
126.49,Rural,5
183.4,Rural,5
88.75,Rural,5
139.83,Rural,5
139.75,Rural,5
121.17,Rural,5
98.17,Rural,5
124.5,Rural,5
290.36,Rural,5
60.75,Rural,5
94.48,Rural,5
78.71,Rural,5
50.22,Rural,5
101.29,Rural,5
67.16,Rural,5
114.02,Rural,5
142.39,Rural,5
123.95,Rural,5
150.72,Rural,5
113.13,Rural,5
91.57,Rural,5
54.2,Rural,5
141.11,Rural,5
168.66,Rural,5
145.28,Rural,5
129.73,Rural,5
94.32,Rural,5
141.78,Rural,5
152.57,Rural,5
82.7,Rural,5
69.57,Rural,5
56.75,Rural,5
105.11,Rural,5
179.6,Rural,5
92.74,Rural,5
181.76,Rural,5
60.5,Rural,5
50.89,Rural,5
125.79,Rural,5
227.63,Rural,5
121.48,Rural,5
115.72,Rural,5
111.5,Rural,5
136.86,Rural,5
254.08,Rural,5
124.52,Rural,5
88.42,Rural,5
121.07,Rural,5
231.02,Rural,5
92.78,Rural,5
62.68,Rural,5
111.28,Rural,5
65.11,Rural,5
92.63,Rural,5
68.03,Rural,5
167.28,Rural,5
117.1,Rural,5
95.28,Rural,5
77.35,Rural,5
111.36,Rural,5
63.98,Rural,5
113.82,Rural,5
143.77,Rural,5
151.16,Rural,5
71.67,Rural,5
62.66,Rural,5
122.01,Rural,5
80.14,Rural,5
105.09,Rural,5
119.57,Rural,5
79.5,Rural,5
95.18,Rural,5
76.02,Rural,5
66.65,Rural,5
49.78,Rural,5
117.42,Rural,5
46.73,Rural,5
92.53,Rural,5
195.35,Rural,5
57.96,Rural,5
138.03,Rural,5
127.64,Rural,5
124.69,Rural,5
90.62,Rural,5
156.9,Rural,5
55.77,Rural,5
105.14,Rural,5
91.78,Rural,5
68.75,Rural,5
106.84,Rural,5
128.63,Rural,5
79.47,Rural,5
102.3,Rural,5
91.56,Rural,5
101.1,Rural,5
91.42,Rural,5
67.49,Rural,5
176.46,Rural,5
151.14,Rural,5
113.45,Rural,5
94.77,Rural,5
203.24,Rural,5
47.21,Rural,5
133.05,Rural,5
121.13,Rural,5
95.34,Rural,5
140.36,Rural,5
68.87,Rural,5
71.01,Rural,5
75.74,Rural,5
145.24,Rural,5
89.53,Rural,5
79.19,Rural,5
122.82,Rural,5
75.33,Rural,5
70.68,Rural,5
82.21,Rural,5
107.75,Rural,5
50.38,Rural,5
90.14,Rural,5
89.04,Rural,5
81.57,Rural,5
87.27,Rural,5
123.12,Rural,5
135.26,Rural,5
209.83,Rural,5
93.59,Rural,5
78.73,Rural,5
54.21,Rural,5
56.03,Rural,5
62.48,Rural,5
118.92,Rural,5
104.61,Rural,5
177.21,Rural,5
190.82,Rural,5
193.98,Rural,5
129.61,Rural,5
243.93,Rural,5
258.9,Rural,5
110.93,Rural,5
74.66,Rural,5
92.89,Rural,5
91.19,Rural,5
88.02,Rural,5
274.86,Rural,5
142.1,Rural,5
85.97,Rural,5
61.33,Rural,5
99.81,Rural,5
60.7,Rural,5
75.87,Rural,5
67.75,Rural,5
94.54,Rural,5
213.98,Rural,5
115.57,Rural,5
75.46,Rural,5
110.49,Rural,5
137.39,Rural,5
111.67,Rural,5
89.49,Rural,5
150.66,Rural,5
177.85,Rural,5
73.98,Rural,5
80.62,Rural,5
574.52,Rural,5
232.4,Rural,5
75.79,Rural,5
109.26,Rural,5
169.97,Rural,5
321.93,Rural,5
337.42,Rural,5
102.73,Rural,5
219.96,Rural,5
153.91,Rural,5
106.08,Rural,5
111.61,Rural,5
99.06,Rural,5
186.63,Rural,5
198.21,Rural,5
326.89,Rural,5
121.16,Rural,5
106.07,Rural,5
254.04,Rural,5
124.6,Rural,5
120.15,Rural,5
124.98,Rural,5
80.61,Rural,5
147.48,Rural,5
115.18,Rural,5
109.81,Rural,5
107.65,Rural,5
78.73,Rural,5
50.89,Rural,5
138.83,Rural,5
84.27,Rural,5
131.31,Rural,5
91.29,Rural,5
208.06,Rural,5
141.72,Rural,5
116.55,Rural,5
78.39,Rural,5
107.88,Rural,5
113.69,Rural,5
50.87,Rural,5
110.38,Rural,5
94.99,Rural,5
56.13,Rural,5
83.84,Rural,5
126.33,Rural,5
93.91,Rural,5
58.49,Rural,5
153.87,Rural,5
301.48,Rural,5
98.82,Rural,5
146.7,Rural,5
71.64,Rural,5
200.63,Rural,5
108.95,Rural,5
130.82,Rural,5
166.07,Rural,5
121.89,Rural,5
74.61,Rural,5
81.6,Rural,5
111.63,Rural,5
109.01,Rural,5
170.07,Rural,5
117.33,Rural,5
133.8,Rural,5
108.24,Rural,5
72.73,Rural,5
121.22,Rural,5
107.61,Rural,5
172.08,Rural,5
96.08,Rural,5
107.98,Rural,5
114.91,Rural,5
103.12,Rural,5
35.77,Rural,5
128.31,Rural,5
145.19,Rural,5
67.89,Rural,5
167.73,Rural,5
87.66,Rural,5
80.73,Rural,5
93.41,Rural,5
225.73,Rural,5
117.51,Rural,5
62.81,Rural,5
58.73,Rural,5
87.16,Rural,5
94.41,Rural,5
111.94,Rural,5
91.41,Rural,5
79.71,Rural,5
105.19,Rural,5
85.12,Rural,5
116.87,Rural,5
91.99,Rural,5
93.65,Rural,5
80.14,Rural,5
447.62,Rural,5
128.5,Rural,5
88.53,Rural,5
72.22,Rural,5
119.47,Rural,5
259.65,Rural,5
52.16,Rural,5
83.83,Rural,5
46.8,Rural,5
74.53,Rural,5
227.44,Rural,5
91.16,Rural,5
78.65,Rural,5
163.33,Rural,5
79.93,Rural,5
96.67,Rural,5
274.93,Rural,5
123.08,Rural,5
109.84,Rural,5
180.72,Rural,5
86.48,Rural,5
286.47,Rural,5
62.29,Rural,5
191.72,Rural,5
88.21,Rural,5
223.84,Rural,5
261.91,Rural,5
94.85,Rural,5
107.64,Rural,5
77.65,Rural,5
72.7,Rural,5
177.74,Rural,5
61.89,Rural,5
168.41,Rural,5
67.93,Rural,5
71.01,Rural,5
192.53,Rural,5
105.85,Rural,5
142.35,Rural,5
112.41,Rural,5
80.14,Rural,5
72.17,Rural,5
132.05,Rural,5
156.41,Rural,5
90.33,Rural,5
64.23,Rural,5
88.97,Rural,5
196.03,Rural,5
234.74,Rural,5
75.07,Rural,5
106.24,Rural,5
77.43,Rural,5
87.09,Rural,5
183.89,Rural,5
168.08,Rural,5
183.62,Rural,5
224,Rural,5
50.3,Rural,5
209.49,Rural,5
107.41,Rural,5
73.61,Rural,5
147.92,Rural,5
104.96,Rural,5
126.91,Rural,5
85.02,Rural,5
274.05,Rural,5
87.65,Rural,5
72,Rural,5
100.44,Rural,5
140.62,Rural,5
91.09,Rural,5
116.54,Rural,5
77.92,Rural,5
55.21,Rural,5
116.12,Rural,5
87.59,Rural,5
78.71,Rural,5
82.59,Rural,5
204.78,Rural,5
75.9,Rural,5
97.32,Rural,5
68.12,Rural,5
109.31,Rural,5
82.97,Rural,5
168.53,Rural,5
125.11,Rural,5
37.37,Rural,5
59.71,Rural,5
118.41,Rural,5
131.7,Rural,5
83.08,Rural,5
110.31,Rural,5
90.47,Rural,5
71.09,Rural,5
137.13,Rural,5
103.76,Rural,5
169.31,Rural,5
91.9,Rural,5
105.7,Rural,5
169.47,Rural,5
95.96,Rural,5
73.97,Rural,5
96.21,Rural,5
88.64,Rural,5
91.48,Rural,5
71.83,Rural,5
200.45,Rural,5
230.76,Rural,5
72.18,Rural,5
55.42,Rural,5
62.05,Rural,5
74.82,Rural,5
80.62,Rural,5
180.66,Rural,5
78.93,Rural,5
105.65,Rural,5
318.69,Rural,5
86.62,Rural,5
305.05,Rural,5
65.32,Rural,5
154.56,Rural,5
129.99,Rural,5
91.53,Rural,5
109.1,Rural,5
193.13,Rural,5
109.38,Rural,5
128.39,Rural,5
141.1,Rural,5
98.24,Rural,5
139.84,Rural,5
146.32,Rural,5
124.6,Rural,5
54.55,Rural,5
99.44,Rural,5
175.27,Rural,5
148.48,Rural,5
106.86,Rural,5
84.4,Rural,5
93.38,Rural,5
89.34,Rural,5
171.58,Rural,5
109.35,Rural,5
150.45,Rural,5
132.66,Rural,5
147.69,Rural,5
84.48,Rural,5
117.93,Rural,5
126.6,Rural,5
74.61,Rural,5
69.25,Rural,5
146.64,Rural,5
176.91,Rural,5
123.75,Rural,5
81.07,Rural,5
114.56,Rural,5
68.86,Rural,5
57.37,Rural,5
102.18,Rural,5
193.53,Rural,5
108.29,Rural,5
61.15,Rural,5
108.02,Rural,5
74.11,Rural,5
92.7,Rural,5
73.75,Rural,5
105.68,Rural,5
119.37,Rural,5
152.11,Rural,5
93.71,Rural,5
72.43,Rural,5
66.61,Rural,5
114.17,Rural,5
90.95,Rural,5
108.07,Rural,5
141.56,Rural,5
76.79,Rural,5
111.21,Rural,5
66.76,Rural,5
80.8,Rural,5
113.54,Rural,5
93.95,Rural,5
169.06,Rural,5
126.34,Rural,5
72.46,Rural,5
85.39,Rural,5
259.87,Rural,5
203.9,Rural,5
56.4,Rural,5
130.57,Rural,5
104.45,Rural,5
157.64,Rural,5
97.45,Rural,5
160.61,Rural,5
96.43,Rural,5
43.29,Rural,5
95.09,Rural,5
148.44,Rural,5
92.57,Rural,5
107.31,Rural,5
140.25,Rural,5
214.28,Rural,5
97.1,Rural,5
49.17,Rural,5
248.78,Rural,5
115.12,Rural,5
103.64,Rural,5
80.99,Rural,5
122.66,Rural,5
69.1,Rural,5
67.04,Rural,5
243.63,Rural,5
49.76,Rural,5
85.38,Rural,5
85.82,Rural,5
62.78,Rural,5
93.53,Rural,5
75.07,Rural,5
87.33,Rural,5
155.46,Rural,5
207.46,Rural,5
54.83,Rural,5
160.92,Rural,5
104.94,Rural,5
150.4,Rural,5
129.32,Rural,5
103.81,Rural,5
107.87,Rural,5
126.64,Rural,5
77.09,Rural,5
237.81,Rural,5
220.22,Rural,5
101.9,Rural,5
157.29,Rural,5
42.78,Rural,5
108.93,Rural,5
190.22,Rural,5
111.29,Rural,5
80.36,Rural,5
231.66,Rural,5
117.68,Rural,5
104.52,Rural,5
104.88,Rural,5
111.08,Rural,5
90.08,Rural,5
78.35,Rural,5
117.44,Rural,5
77.25,Rural,5
79.7,Rural,5
38.16,Rural,5
122.11,Rural,5
64.53,Rural,5
63.09,Rural,5
127.28,Rural,5
67.53,Rural,5
118.68,Rural,5
274.01,Rural,5
130.54,Rural,5
165.63,Rural,5
220.03,Rural,5
104.37,Rural,5
66.25,Rural,5
109.39,Rural,5
292.07,Rural,5
129.65,Rural,5
343.65,Rural,5
91.82,Rural,5
228.71,Rural,5
165.11,Rural,5
122.12,Rural,5
104.57,Rural,5
125.15,Rural,5
106.82,Rural,5
54.38,Rural,5
94.2,Rural,5
117.85,Rural,5
154.36,Rural,5
106.04,Rural,5
109.62,Rural,5
115.96,Rural,5
105.43,Rural,5
161.33,Rural,5
84.56,Rural,5
80.22,Rural,5
72.9,Rural,5
322.6,Rural,5
128.65,Rural,5
144.38,Rural,5
215.41,Rural,5
81.38,Rural,5
160.59,Rural,5
92.8,Rural,5
159.63,Rural,5
149.42,Rural,5
157.67,Rural,5
126.56,Rural,5
68.72,Rural,5
198.59,Rural,5
124.58,Rural,5
128.89,Rural,5
77.23,Rural,5
97.02,Rural,5
101.99,Rural,6
450,Rural,6
104.56,Rural,6
95.27,Rural,6
135.64,Rural,6
163.68,Rural,6
105.18,Rural,6
166.68,Rural,6
136.95,Rural,6
122.66,Rural,6
258.55,Rural,6
126.76,Rural,6
130.36,Rural,6
329.85,Rural,6
121.01,Rural,6
164.4,Rural,6
169.6,Rural,6
100.81,Rural,6
101.55,Rural,6
133.04,Rural,6
58.91,Rural,6
91.37,Rural,6
203.35,Rural,6
109.4,Rural,6
96.18,Rural,6
133.49,Rural,6
157.49,Rural,6
120.11,Rural,6
93.16,Rural,6
51.28,Rural,6
105.1,Rural,6
163.21,Rural,6
120.08,Rural,6
152.45,Rural,6
188.41,Rural,6
109.25,Rural,6
119.74,Rural,6
175.07,Rural,6
277.98,Rural,6
75.72,Rural,6
169.06,Rural,6
123.17,Rural,6
129.99,Rural,6
98.01,Rural,6
267.07,Rural,6
440.81,Rural,6
166.45,Rural,6
254.31,Rural,6
191.47,Rural,6
110.24,Rural,6
159.99,Rural,6
247.18,Rural,6
79.69,Rural,6
98.81,Rural,6
240.93,Rural,6
71.65,Rural,6
117.08,Rural,6
192.97,Rural,6
128.94,Rural,6
156.16,Rural,6
165.98,Rural,6
125.24,Rural,6
130.69,Rural,6
176.03,Rural,6
148.49,Rural,6
103.51,Rural,6
205.79,Rural,6
133.85,Rural,6
94.54,Rural,6
201.67,Rural,6
187.73,Rural,6
282.94,Rural,6
323.7,Rural,6
166.53,Rural,6
184.91,Rural,6
34.48,Rural,6
133.36,Rural,6
108.27,Rural,6
206.24,Rural,6
91.69,Rural,6
178.02,Rural,6
93.41,Rural,6
501.65,Rural,6
157.44,Rural,6
175.34,Rural,6
111.01,Rural,6
196.3,Rural,6
108.98,Rural,6
144.69,Rural,6
213.27,Rural,6
152.62,Rural,6
82.54,Rural,6
135.28,Rural,6
289.24,Rural,6
140.73,Rural,6
132.93,Rural,6
178.38,Rural,6
165.21,Rural,6
289.17,Rural,6
161.57,Rural,6
171.26,Rural,6
165.94,Rural,6
84.21,Rural,6
160.59,Rural,6
130.77,Rural,6
101.95,Rural,6
136.09,Rural,6
215.82,Rural,6
189.47,Rural,6
168,Rural,6
143.57,Rural,6
85.63,Rural,6
424.4,Rural,6
136.95,Rural,6
108.71,Rural,6
73.13,Rural,6
240.18,Rural,6
175.31,Rural,6
167.74,Rural,6
122.12,Rural,6
110.67,Rural,6
137.78,Rural,6
299.83,Rural,6
231.29,Rural,6
151.31,Rural,6
117.54,Rural,6
115.46,Rural,6
63.36,Rural,6
186.47,Rural,6
297.66,Rural,6
75.46,Rural,6
74.25,Rural,6
100.8,Rural,6
235.2,Rural,6
243.18,Rural,6
243.08,Rural,6
205.96,Rural,6
202.53,Rural,6
182.83,Rural,6
230.28,Rural,6
108.12,Rural,6
186.35,Rural,6
139.85,Rural,6
192.95,Rural,6
118.85,Rural,6
128.74,Rural,6
227.58,Rural,6
133.21,Rural,6
114.12,Rural,6
82.5,Rural,6
122.54,Rural,6
122.97,Rural,6
127.79,Rural,6
140.58,Rural,6
140.48,Rural,6
167.39,Rural,6
146.5,Rural,6
119.16,Rural,6
61.08,Rural,6
111.91,Rural,6
293.03,Rural,6
134.92,Rural,6
147.08,Rural,6
98.97,Rural,6
175.33,Rural,6
210.08,Rural,6
191.91,Rural,6
120.9,Rural,6
143.37,Rural,6
217.71,Rural,6
126.21,Rural,6
122.08,Rural,6
106.45,Rural,6
92.16,Rural,6
72.12,Rural,6
121.79,Rural,6
91.21,Rural,6
105.22,Rural,6
163.62,Rural,6
170.39,Rural,6
144.33,Rural,6
100.96,Rural,6
128.39,Rural,6
105.33,Rural,6
243.87,Rural,6
96.6,Rural,6
105.38,Rural,6
456.72,Rural,6
110.08,Rural,6
182.05,Rural,6
131.02,Rural,6
113.43,Rural,6
103.9,Rural,6
119.56,Rural,6
318.21,Rural,6
306.1,Rural,6
146.45,Rural,6
118.63,Rural,6
112.6,Rural,6
175.37,Rural,6
77.52,Rural,6
114.19,Rural,6
201.15,Rural,6
178.29,Rural,6
151.75,Rural,6
162.85,Rural,6
69.99,Rural,6
151.43,Rural,6
140.86,Rural,6
100.32,Rural,6
119.75,Rural,6
160.46,Rural,6
227,Rural,6
240.5,Rural,6
83.18,Rural,6
163.5,Rural,6
375.05,Rural,6
197.12,Rural,6
117.72,Rural,6
130.64,Rural,6
125.54,Rural,6
119.14,Rural,6
122.67,Rural,6
257.14,Rural,6
139.26,Rural,6
139.8,Rural,6
248.58,Rural,6
200.85,Rural,6
62.08,Rural,6
182.45,Rural,6
110.57,Rural,6
66.65,Rural,6
97.71,Rural,6
214.93,Rural,6
202.99,Rural,6
184.97,Rural,6
138.51,Rural,6
155.27,Rural,6
158.51,Rural,6
115,Rural,6
124.07,Rural,6
108.93,Rural,6
156.13,Rural,6
141.6,Rural,6
102.95,Rural,6
87.14,Rural,6
205.56,Rural,6
76.91,Rural,6
86.57,Rural,6
117.07,Rural,6
119.9,Rural,6
119.54,Rural,6
105.47,Rural,6
175.15,Rural,6
141.13,Rural,6
118.69,Rural,6
192.06,Rural,6
174.92,Rural,6
215.23,Rural,6
149.68,Rural,6
157.84,Rural,6
159.29,Rural,6
106.86,Rural,6
265.9,Rural,6
116.13,Rural,6
115.38,Rural,6
79.29,Rural,6
168.83,Rural,6
131.63,Rural,6
104.26,Rural,6
146.18,Rural,6
136.16,Rural,6
158.89,Rural,6
112.73,Rural,6
442.97,Rural,6
189.16,Rural,6
106.8,Rural,6
142.38,Rural,6
137.58,Rural,6
189.11,Rural,6
199.02,Rural,6
282.39,Rural,6
338.96,Rural,6
140.06,Rural,6
79.9,Rural,6
373.49,Rural,6
184.04,Rural,6
146.25,Rural,6
225.56,Rural,6
177.44,Rural,6
145.07,Rural,6
114.18,Rural,6
209.33,Rural,6
159.96,Rural,6
114.65,Rural,6
151.75,Rural,6
66.35,Rural,6
174.87,Rural,6
137.04,Rural,6
199.95,Rural,6
179.98,Rural,6
129.14,Rural,6
182.2,Rural,6
178.61,Rural,6
497.48,Rural,6
125.29,Rural,6
97.59,Rural,6
126.6,Rural,6
232.86,Rural,6
219.07,Rural,6
144.33,Rural,6
95.78,Rural,6
143.25,Rural,6
168.74,Rural,6
256.66,Rural,6
125.14,Rural,6
214.95,Rural,6
99.67,Rural,6
113.69,Rural,6
380.78,Rural,6
172.49,Rural,6
256.31,Rural,6
95.56,Rural,6
50.74,Rural,6
139.13,Rural,6
176.65,Rural,6
108.36,Rural,6
122,Rural,6
131.73,Rural,6
82.92,Rural,6
89.9,Rural,6
118.25,Rural,6
214.52,Rural,6
112.25,Rural,6
200.74,Rural,6
124.43,Rural,6
79.52,Rural,6
204.2,Rural,6
135.98,Rural,6
288.69,Rural,6
97.32,Rural,6
100.42,Rural,6
132.02,Rural,6
121.11,Rural,6
103.53,Rural,6
121.9,Rural,6
100.25,Rural,6
159.11,Rural,6
91.52,Rural,6
105.46,Rural,6
62.94,Rural,6
86.28,Rural,6
67.5,Rural,6
136.87,Rural,6
207.99,Rural,6
129.53,Rural,6
307.77,Rural,6
192.91,Rural,6
116.07,Rural,6
100.25,Rural,6
133.06,Rural,6
126.77,Rural,6
145.73,Rural,6
178.81,Rural,6
286.25,Rural,6
119.66,Rural,6
197.38,Rural,6
101.79,Rural,6
149.01,Rural,6
50.6,Rural,6
94.99,Rural,6
136.92,Rural,6
164.7,Rural,6
171.45,Rural,6
146.23,Rural,6
132.3,Rural,6
98.36,Rural,6
205.86,Rural,6
24.42,Rural,6
131.12,Rural,6
186.39,Rural,6
112.91,Rural,6
169.69,Rural,6
178.55,Rural,6
108.51,Rural,6
158.92,Rural,6
49.36,Rural,6
227.88,Rural,6
214.13,Rural,6
100.86,Rural,6
128.61,Rural,6
108.74,Rural,6
142.68,Rural,6
144.02,Rural,6
209.56,Rural,6
173.27,Rural,6
244.67,Rural,6
142.83,Rural,6
113.17,Rural,6
150.25,Rural,6
102.43,Rural,6
97.02,Rural,6
103.76,Rural,6
252.29,Rural,6
126.61,Rural,6
150.48,Rural,6
143.86,Rural,6
123.38,Rural,6
85.4,Rural,6
237.7,Rural,6
196.1,Rural,6
83.11,Rural,6
102.36,Rural,6
170.38,Rural,6
180.54,Rural,6
202.26,Rural,6
81.74,Rural,6
116.06,Rural,6
104.74,Rural,6
372.94,Rural,6
167.22,Rural,6
285.47,Rural,6
179.47,Rural,6
220.2,Rural,6
173.58,Rural,6
95.67,Rural,6
162.79,Rural,6
281.17,Rural,6
105.83,Rural,6
135.62,Rural,6
189.59,Rural,6
388.2,Rural,6
115.51,Rural,6
146.33,Rural,6
142.75,Rural,6
252.02,Rural,6
160.54,Rural,6
381.69,Rural,6
212.22,Rural,6
118.27,Rural,6
70.34,Rural,6
120.6,Rural,6
153.46,Rural,6
146.06,Rural,6
281.5,Rural,6
118.83,Rural,6
162.82,Rural,6
216.05,Rural,6
281.68,Rural,6
152.19,Rural,6
226.66,Rural,6
296.1,Rural,6
353.27,Rural,6
100.49,Rural,6
52.09,Rural,6
193.54,Rural,6
133.15,Rural,6
126.84,Rural,6
130.58,Rural,6
167.28,Rural,6
215.16,Rural,6
234.99,Rural,6
176.61,Rural,6
226.46,Rural,6
193.46,Rural,6
183.47,Rural,6
176.59,Rural,6
128.3,Rural,6
102.19,Rural,6
151.89,Rural,6
155,Rural,6
267.46,Rural,6
111.62,Rural,6
151.95,Rural,6
225.72,Rural,6
98.41,Rural,6
436.63,Rural,6
117.2,Rural,6
105.44,Rural,6
113.01,Rural,6
176.19,Rural,6
119.56,Rural,6
130.52,Rural,6
160.15,Rural,6
88.87,Rural,6
135.58,Rural,6
102.29,Rural,6
123.25,Rural,6
127.04,Rural,6
216.53,Rural,6
104.73,Rural,6
111.66,Rural,6
167.84,Rural,6
95.55,Rural,6
188.73,Rural,6
118.76,Rural,6
126.84,Rural,6
240.41,Rural,6
181.14,Rural,6
116.72,Rural,6
168.11,Rural,6
185.1,Rural,6
184.52,Rural,6
105.45,Rural,6
171.78,Rural,6
298.09,Rural,6
143.29,Rural,6
110.44,Rural,6
182.51,Rural,6
170.16,Rural,6
120.83,Rural,6
183.37,Rural,6
180.24,Rural,6
206.19,Rural,6
145.71,Rural,6
392.76,Rural,6
146.44,Rural,6
107.53,Rural,6
57.22,Rural,6
248.14,Rural,6
148.15,Rural,6
117,Rural,6
359.01,Rural,6
84.55,Rural,6
150.85,Rural,6
176.3,Rural,6
150.41,Rural,6
155.66,Rural,6
83.1,Rural,6
156.21,Rural,6
99.73,Rural,6
106.29,Rural,6
237.48,Rural,6
143.91,Rural,6
177.13,Rural,6
175.59,Rural,6
267.08,Rural,6
155.39,Rural,6
108.77,Rural,6
64.91,Rural,6
130.15,Rural,6
98.6,Rural,6
180.88,Rural,6
93.29,Rural,6
97.83,Rural,6
107.59,Rural,6
98.27,Rural,6
143.74,Rural,6
117.34,Rural,6
166.05,Rural,6
98.43,Rural,6
67.79,Rural,6
117.32,Rural,6
190.21,Rural,6
98.68,Rural,6
166.73,Rural,6
56.12,Rural,6
129.01,Rural,6
158.18,Rural,6
261.3,Rural,6
79.62,Rural,6
137.18,Rural,6
176.23,Rural,6
141.37,Rural,6
191.07,Rural,6
85.98,Rural,6
172.83,Rural,6
143.22,Rural,6
378.81,Rural,6
130.66,Rural,6
143.26,Rural,6
104.73,Rural,6
88.75,Rural,6
95.81,Rural,6
122.51,Rural,6
315.23,Rural,6
129.3,Rural,6
294.57,Rural,6
155.24,Rural,6
88.4,Rural,6
117.12,Rural,6
170.57,Rural,6
147.88,Rural,6
84.35,Rural,6
97.94,Rural,6
96.22,Rural,6
119.83,Rural,6
231.13,Rural,6
89.37,Rural,6
190.13,Rural,6
147.18,Rural,6
240.03,Rural,6
151.54,Rural,6
118.59,Rural,6
104.19,Rural,6
132.88,Rural,6
225.1,Rural,6
146.64,Rural,6
206.53,Rural,6
437.42,Rural,6
156.93,Rural,6
105.69,Rural,6
200.2,Rural,6
231.59,Rural,6
238.47,Rural,6
130.19,Rural,6
105.22,Rural,6
283.01,Rural,6
511.28,Rural,6
156.48,Rural,6
242.27,Rural,6
101.26,Rural,6
87.89,Rural,6
186.53,Rural,6
237.74,Rural,6
116.28,Rural,6
213.37,Rural,6
93.45,Rural,6
61.37,Rural,6
139.01,Rural,6
143.06,Rural,6
154.32,Rural,6
105.35,Rural,6
183.94,Rural,6
86.33,Rural,6
163.26,Rural,6
200.25,Rural,6
150.87,Rural,6
138.51,Rural,6
171.94,Rural,6
208.53,Rural,6
153.19,Rural,6
100.71,Rural,6
132.97,Rural,6
154.59,Rural,6
266.6,Rural,6
122.56,Rural,6
186.87,Rural,6
90.46,Rural,6
103.89,Rural,6
88.87,Rural,6
134.06,Rural,6
241.69,Rural,6
77.53,Rural,6
213.82,Rural,6
76.23,Rural,6
102.73,Rural,6
210.38,Rural,6
230.89,Rural,6
56.6,Rural,6
181.82,Rural,6
131.77,Rural,6
75.54,Rural,6
225.19,Rural,6
110.1,Rural,6
153.11,Rural,6
56.69,Rural,6
211.15,Rural,6
88.84,Rural,6
82.6,Rural,6
70.88,Rural,6
146.15,Rural,6
135.63,Rural,6
172.17,Rural,6
196.72,Rural,6
191.88,Rural,6
202.11,Rural,6
63.26,Rural,6
440.67,Rural,6
163.78,Rural,6
167.07,Rural,6
173.43,Rural,6
134.45,Rural,6
154.18,Rural,6
63.4,Rural,6
173.16,Rural,6
122.89,Rural,6
98.2,Rural,6
125.4,Rural,6
115.2,Rural,6
127.53,Rural,6
187.48,Rural,6
86.33,Rural,6
133.74,Rural,6
255.25,Rural,6
289.77,Rural,6
116.36,Rural,6
156.52,Rural,6
140.03,Rural,6
145.55,Rural,6
238.54,Rural,6
137.47,Rural,6
204.84,Rural,6
64.55,Rural,6
231.61,Rural,6
221.47,Rural,6
167.4,Rural,6
171.18,Rural,6
103.79,Rural,6
112.92,Rural,6
167.98,Rural,6
90.93,Rural,6
177.03,Rural,6
113.57,Rural,6
268.49,Rural,6
79.34,Rural,6
285.78,Rural,6
87.17,Rural,6
131.22,Rural,6
114.72,Rural,6
87.66,Rural,6
72.19,Rural,6
184.73,Rural,6
214.5,Rural,6
136.1,Rural,6
98.83,Rural,6
139.6,Rural,6
180.08,Rural,6
146.3,Rural,6
93.92,Rural,6
408.32,Rural,6
178.18,Rural,6
75.6,Rural,6
114.46,Rural,6
163.08,Rural,6
85.21,Rural,6
332.36,Rural,6
94.8,Rural,6
228.04,Rural,6
271.85,Rural,6
270.44,Rural,6
189.22,Rural,6
170.22,Rural,6
129.81,Rural,6
213.8,Rural,6
131.38,Rural,6
150.63,Rural,6
379.7,Rural,6
328.69,Rural,6
146.1,Rural,6
93.66,Rural,6
97.28,Rural,6
150.49,Rural,6
165.17,Rural,6
132.87,Rural,6
63.86,Rural,6
101.95,Rural,6
200.88,Rural,6
124.8,Rural,6
155.02,Rural,6
127.28,Rural,6
177.7,Rural,6
190.21,Rural,6
190.25,Rural,6
146.58,Rural,6
290.62,Rural,6
289.77,Rural,6
110.64,Rural,6
128.84,Rural,6
124.41,Rural,6
123.78,Rural,6
78.08,Rural,6
105.56,Rural,6
156.51,Rural,6
171.03,Rural,6
84.72,Rural,6
174.45,Rural,6
135.03,Rural,6
92.43,Rural,6
88.02,Rural,6
137.46,Rural,6
104.34,Rural,6
211.44,Rural,6
65.6,Rural,6
174.33,Rural,6
148.75,Rural,6
170,Rural,6
115.3,Rural,6
163.73,Rural,6
88.99,Rural,6
92.84,Rural,6
105.47,Rural,6
344.75,Rural,6
75.64,Rural,4
123.31,Rural,4
283.75,Rural,4
117.36,Rural,4
91.51,Rural,4
85.53,Rural,4
132.6,Rural,4
76.55,Rural,4
390.98,Rural,4
168.6,Rural,4
89.38,Rural,4
237.84,Rural,4
140.27,Rural,4
67.68,Rural,4
147.47,Rural,4
104.12,Rural,4
155.42,Rural,4
173.65,Rural,4
113.29,Rural,4
114.87,Rural,4
135.1,Rural,4
191.13,Rural,4
159.52,Rural,4
106.38,Rural,4
125.6,Rural,4
341.92,Rural,4
132.72,Rural,4
153.98,Rural,4
155.43,Rural,4
151.01,Rural,4
263.37,Rural,4
153.3,Rural,4
82.41,Rural,4
194.24,Rural,4
137.53,Rural,4
114.7,Rural,4
412.3,Rural,4
104.99,Rural,4
131.46,Rural,4
124.36,Rural,4
115.41,Rural,4
94.58,Rural,4
172.83,Rural,4
244.08,Rural,4
132.49,Rural,4
183.41,Rural,4
109.27,Rural,4
151.12,Rural,4
78.88,Rural,4
115.77,Rural,4
195.07,Rural,4
66.71,Rural,4
568.66,Rural,4
129.23,Rural,4
113.52,Rural,4
108.33,Rural,4
209.29,Rural,4
104.84,Rural,4
60.09,Rural,4
145.45,Rural,4
67.15,Rural,4
53.96,Rural,4
77.9,Rural,4
441.36,Rural,4
283.6,Rural,4
119.93,Rural,4
84.65,Rural,4
128.39,Rural,4
140.85,Rural,4
95.5,Rural,4
128.69,Rural,4
131.35,Rural,4
71.5,Rural,4
100.47,Rural,4
95.97,Rural,4
253.13,Rural,4
87.22,Rural,4
135.74,Rural,4
186.37,Rural,4
147.7,Rural,4
231.98,Rural,4
87.3,Rural,4
138.24,Rural,4
61.35,Rural,4
352.53,Rural,4
138.83,Rural,4
253.96,Rural,4
282.01,Rural,4
48.16,Rural,4
148.62,Rural,4
98.57,Rural,4
272.73,Rural,4
122.52,Rural,4
73.85,Rural,4
130.95,Rural,4
90.92,Rural,4
100.57,Rural,4
49.23,Rural,4
488.69,Rural,4
198.59,Rural,4
116.85,Rural,4
96.71,Rural,4
112.1,Rural,4
134.36,Rural,4
182.39,Rural,4
117.81,Rural,4
73.25,Rural,4
107.12,Rural,4
148.19,Rural,4
467.84,Rural,4
133.23,Rural,4
100.36,Rural,4
51.37,Rural,4
121.34,Rural,4
150.3,Rural,4
92.06,Rural,4
143.69,Rural,4
207.48,Rural,4
107.53,Rural,4
135.7,Rural,4
173.8,Rural,4
94.44,Rural,4
63.25,Rural,4
48.77,Rural,4
123.35,Rural,4
185.05,Rural,4
160.17,Rural,4
118.82,Rural,4
141.67,Rural,4
150.31,Rural,4
121.94,Rural,4
75.2,Rural,4
112.87,Rural,4
195.37,Rural,4
112.9,Rural,4
105.91,Rural,4
73.54,Rural,4
167.21,Rural,4
195.67,Rural,4
126.66,Rural,4
90.76,Rural,4
147.27,Rural,4
101.15,Rural,4
474.77,Rural,4
169.16,Rural,4
281.08,Rural,4
147.56,Rural,4
160.43,Rural,4
86.85,Rural,4
61.6,Rural,4
57.54,Rural,4
102.13,Rural,4
151.77,Rural,4
220.57,Rural,4
69.47,Rural,4
160.29,Rural,4
187,Rural,4
138.21,Rural,4
57.49,Rural,4
172.6,Rural,4
90.1,Rural,4
93.81,Rural,4
88.12,Rural,4
91.47,Rural,4
125.36,Rural,4
86.91,Rural,4
148.2,Rural,4
289.74,Rural,4
61.81,Rural,4
77.4,Rural,4
106.11,Rural,4
117.79,Rural,4
126.82,Rural,4
145.68,Rural,4
133.72,Rural,4
187.99,Rural,4
172.01,Rural,4
109.45,Rural,4
215.2,Rural,4
84.61,Rural,4
132.14,Rural,4
127.93,Rural,4
159.76,Rural,4
74.95,Rural,4
92.91,Rural,4
225.74,Rural,4
90.05,Rural,4
95.37,Rural,4
76.32,Rural,4
81.7,Rural,4
88.46,Rural,4
116.89,Rural,4
258.44,Rural,4
136.46,Rural,4
177.42,Rural,4
241.93,Rural,4
140.83,Rural,4
183.82,Rural,4
81.67,Rural,4
178.94,Rural,4
185.94,Rural,4
98.89,Rural,4
58.08,Rural,4
140.63,Rural,4
281.73,Rural,4
81.09,Rural,4
97.18,Rural,4
212.52,Rural,4
199.27,Rural,4
104.43,Rural,4
159.51,Rural,4
189.57,Rural,4
214.77,Rural,4
80.64,Rural,4
122.24,Rural,4
99.34,Rural,4
139.18,Rural,4
223.78,Rural,4
93.42,Rural,4
158.68,Rural,4
103.93,Rural,4
83.84,Rural,4
268.27,Rural,4
141.55,Rural,4
336.98,Rural,4
114.94,Rural,4
127.87,Rural,4
90.57,Rural,4
204.93,Rural,4
164.44,Rural,4
260.58,Rural,4
92.96,Rural,4
159.07,Rural,4
129.68,Rural,4
138.18,Rural,4
193.06,Rural,4
133.35,Rural,4
123.83,Rural,4
85.92,Rural,4
103.23,Rural,4
200.01,Rural,4
95.91,Rural,4
70.02,Rural,4
143.19,Rural,4
101.52,Rural,4
118.61,Rural,4
92.68,Rural,4
114.18,Rural,4
176.14,Rural,4
120.96,Rural,4
56.72,Rural,4
162.28,Rural,4
133.03,Rural,4
141.67,Rural,4
137.95,Rural,4
127.08,Rural,4
77.55,Rural,4
89.27,Rural,4
71.61,Rural,4
112.25,Rural,4
74.64,Rural,4
95.35,Rural,4
115.62,Rural,4
215.72,Rural,4
208.1,Rural,4
143.63,Rural,4
214.24,Rural,4
172.71,Rural,4
204.61,Rural,4
155.29,Rural,4
84.57,Rural,4
85.22,Rural,4
118.85,Rural,4
92.15,Rural,4
93.6,Rural,4
91.08,Rural,4
74.55,Rural,4
86.96,Rural,4
160.96,Rural,4
259.75,Rural,4
98.86,Rural,4
233.75,Rural,4
134.93,Rural,4
119.26,Rural,4
138.93,Rural,4
101.97,Rural,4
111.25,Rural,4
104.1,Rural,4
89.01,Rural,4
75.6,Rural,4
186.51,Rural,4
161.66,Rural,4
87.04,Rural,4
104.6,Rural,4
201.71,Rural,4
192.02,Rural,4
75.2,Rural,4
132.58,Rural,4
116.5,Rural,4
78.31,Rural,4
238.02,Rural,4
91.65,Rural,4
63.31,Rural,4
209.62,Rural,4
109.8,Rural,4
131.43,Rural,4
144.56,Rural,4
126.1,Rural,4
241.58,Rural,4
81.82,Rural,4
140.57,Rural,4
45.99,Rural,4
264.32,Rural,4
119.13,Rural,4
147.34,Rural,4
86.44,Rural,4
182.94,Rural,4
104.12,Rural,4
218.66,Rural,4
129.36,Rural,4
124.32,Rural,4
59.45,Rural,4
79.3,Rural,4
82.33,Rural,4
100.51,Rural,4
241.63,Rural,4
107.33,Rural,4
312.94,Rural,4
67.48,Rural,4
207.8,Rural,4
83.33,Rural,4
174.11,Rural,4
98.16,Rural,4
152.28,Rural,4
138.59,Rural,4
110.36,Rural,4
61.77,Rural,4
127.91,Rural,4
103.43,Rural,4
88.49,Rural,4
74.72,Rural,4
90.3,Rural,4
157.72,Rural,4
205.67,Rural,4
352.37,Rural,4
139.99,Rural,4
122.29,Rural,4
190.54,Rural,4
76.95,Rural,4
131.22,Rural,4
173.39,Rural,4
103.44,Rural,4
159.19,Rural,4
128.65,Rural,4
296.51,Rural,4
79.85,Rural,4
115.63,Rural,4
164.14,Rural,4
285.39,Rural,4
124.12,Rural,4
100.47,Rural,4
71.54,Rural,4
133.92,Rural,4
71.52,Rural,4
166.4,Rural,4
91.13,Rural,4
140.24,Rural,4
276.91,Rural,4
1364.93,Rural,4
73.54,Rural,4
127.99,Rural,4
176.47,Rural,4
80.02,Rural,4
106.26,Rural,4
109.24,Rural,4
68.73,Rural,4
281.09,Rural,4
189.9,Rural,4
94.75,Rural,4
150.96,Rural,4
93.52,Rural,4
181.43,Rural,4
117.4,Rural,4
87.78,Rural,4
107.01,Rural,4
170.04,Rural,4
323.43,Rural,4
182.95,Rural,4
142.74,Rural,4
93.65,Rural,4
65.87,Rural,4
76.72,Rural,4
125.92,Rural,4
373.18,Rural,4
111.6,Rural,4
85.37,Rural,4
63.93,Rural,4
193.3,Rural,4
102.17,Rural,4
188.52,Rural,4
104.2,Rural,4
101.43,Rural,4
146.95,Rural,4
161.04,Rural,4
73.61,Rural,4
82.23,Rural,4
116.68,Rural,4
172.21,Rural,4
181.43,Rural,4
116.58,Rural,4
107.85,Rural,4
138.38,Rural,4
158.37,Rural,4
260.62,Rural,4
105.43,Rural,4
110.32,Rural,4
121.71,Rural,4
84.65,Rural,4
68.53,Rural,4
112.01,Rural,4
181.25,Rural,4
220.71,Rural,4
118.94,Rural,4
164.18,Rural,4
93.56,Rural,4
118.45,Rural,4
131.76,Rural,4
137.43,Rural,4
99.77,Rural,4
119.74,Rural,4
77.24,Rural,4
72.89,Rural,4
103.2,Rural,4
111.23,Rural,4
157.8,Rural,4
102.29,Rural,4
73.68,Rural,4
140.14,Rural,4
93.27,Rural,4
95.66,Rural,4
383.42,Rural,4
98.83,Rural,4
190.96,Rural,4
79.89,Rural,4
208.18,Rural,4
119.47,Rural,4
128.46,Rural,4
251.35,Rural,4
359.33,Rural,4
146.54,Rural,4
165.4,Rural,4
162.16,Rural,4
153.86,Rural,4
113.75,Rural,4
107.23,Rural,4
194.92,Rural,4
289.05,Rural,4
85.98,Rural,4
172.41,Rural,4
198.56,Rural,4
84.97,Rural,4
197.3,Rural,4
199.71,Rural,4
57.79,Rural,4
170.63,Rural,4
133.47,Rural,4
168.41,Rural,4
167.07,Rural,4
319.25,Rural,4
120.79,Rural,4
122.84,Rural,4
38.69,Rural,4
100,Rural,4
191.1,Rural,4
157.08,Rural,4
120.87,Rural,4
95.55,Rural,4
135.03,Rural,4
63.69,Rural,4
169.37,Rural,4
80.35,Rural,4
155.14,Rural,4
126.2,Rural,4
143.39,Rural,4
126.06,Rural,4
112.29,Rural,4
113.11,Rural,4
115.55,Rural,4
90.86,Rural,4
158.02,Rural,4
145.87,Rural,4
304.87,Rural,4
118.79,Rural,4
193.22,Rural,4
132.46,Rural,4
87.54,Rural,4
93.83,Rural,4
131.59,Rural,4
131.98,Rural,4
358.62,Rural,4
209.49,Rural,4
94.05,Rural,4
185.65,Rural,4
57.4,Rural,4
242.37,Rural,4
176.16,Rural,4
85.37,Rural,4
153.65,Rural,4
192.1,Rural,4
126.06,Rural,4
144.44,Rural,4
126.03,Rural,4
90.74,Rural,4
213.46,Rural,4
138.78,Rural,4
137.87,Rural,4
134.55,Rural,4
862.6,Rural,4
58.48,Rural,4
134.51,Rural,4
137.53,Rural,4
97.54,Rural,4
152.9,Rural,4
166.06,Rural,4
119.97,Rural,4
235.5,Rural,4
142.6,Rural,4
145.38,Rural,4
128.42,Rural,4
236.55,Rural,4
141.06,Rural,4
145.47,Rural,4
74.15,Rural,4
230.92,Rural,4
295.12,Rural,4
170.81,Rural,4
147.93,Rural,4
67.25,Rural,4
120.64,Rural,4
128.86,Rural,4
126.1,Rural,4
145.43,Rural,4
232.38,Rural,4
122.76,Rural,4
88.08,Rural,4
208.99,Rural,4
99.28,Rural,4
137.04,Rural,4
163.2,Rural,4
92.81,Rural,4
134.27,Rural,4
131.83,Rural,4
124.68,Rural,4
92.85,Rural,4
135.07,Rural,4
118.94,Rural,4
107.87,Rural,4
60.51,Rural,4
116.65,Rural,4
64.96,Rural,4
96.86,Rural,4
93.15,Rural,4
111.48,Rural,4
226.84,Rural,4
94.86,Rural,4
150.39,Rural,4
169.27,Rural,4
66.55,Rural,4
77.94,Rural,4
197.34,Rural,4
118.32,Rural,4
116.36,Rural,4
49.61,Rural,4
98.66,Rural,4
58.43,Rural,4
115.81,Rural,4
136.55,Rural,4
126.88,Rural,4
141.89,Rural,4
141.6,Rural,4
70.28,Rural,4
168.38,Rural,4
104.05,Rural,4
137.68,Rural,4
187.41,Rural,4
84.57,Rural,4
112.61,Rural,4
94.66,Rural,4
121.21,Rural,4
175.87,Rural,4
57.48,Rural,4
66.77,Rural,4
97.12,Rural,4
112.36,Rural,4
131.88,Rural,4
107.15,Rural,4
112.33,Rural,4
80.57,Rural,4
66.7,Rural,4
221.64,Rural,4
156.47,Rural,1
109.03,Rural,1
138.86,Rural,1
124.23,Rural,1
158.07,Rural,1
135.69,Rural,1
264.1,Rural,1
199.72,Rural,1
76.8,Rural,1
116.18,Rural,1
40.39,Rural,1
169.03,Rural,1
151.6,Rural,1
107.56,Rural,1
161.86,Rural,1
191.47,Rural,1
82.25,Rural,1
177.54,Rural,1
132.39,Rural,1
154.29,Rural,1
74.34,Rural,1
159.9,Rural,1
256.83,Rural,1
149.23,Rural,1
158.53,Rural,1
88.83,Rural,1
135.35,Rural,1
101.73,Rural,1
113.41,Rural,1
86.31,Rural,1
143.19,Rural,1
57.2,Rural,1
103.35,Rural,1
173.75,Rural,1
91.15,Rural,1
87.71,Rural,1
85.5,Rural,1
112.15,Rural,1
89.61,Rural,1
175.2,Rural,1
121.55,Rural,1
103.14,Rural,1
132.73,Rural,1
47.63,Rural,1
58.95,Rural,1
214.97,Rural,1
323.26,Rural,1
231.48,Rural,1
77.38,Rural,1
90.16,Rural,1
331.95,Rural,1
56.41,Rural,1
153,Rural,1
264.76,Rural,1
220.42,Rural,1
135.72,Rural,1
88.37,Rural,1
182.66,Rural,1
249.29,Rural,1
110.39,Rural,1
94.57,Rural,1
311.61,Rural,1
41.37,Rural,1
83.43,Rural,1
79.86,Rural,1
134.74,Rural,1
74.98,Rural,1
304.84,Rural,1
61.65,Rural,1
157.69,Rural,1
135.08,Rural,1
250.67,Rural,1
153.99,Rural,1
166.83,Rural,1
76.58,Rural,1
41.63,Rural,1
115.32,Rural,1
272.63,Rural,1
123.77,Rural,1
126.94,Rural,1
106.6,Rural,1
86.29,Rural,1
85.82,Rural,1
132.21,Rural,1
351.95,Rural,1
147.19,Rural,1
140.98,Rural,1
289.06,Rural,1
167.97,Rural,1
235.25,Rural,1
168.65,Rural,1
78.2,Rural,1
231.2,Rural,1
153.42,Rural,1
212.64,Rural,1
183.97,Rural,1
165.02,Rural,1
231.21,Rural,1
45.06,Rural,1
120.99,Rural,1
379.7,Rural,1
111.3,Rural,1
118.84,Rural,1
150.23,Rural,1
212.27,Rural,1
94.13,Rural,1
259.13,Rural,1
129.9,Rural,1
138.98,Rural,1
180.65,Rural,1
89.8,Rural,1
326.05,Rural,1
43.42,Rural,1
151.46,Rural,1
129.33,Rural,1
95.35,Rural,1
185.06,Rural,1
53.41,Rural,1
121.13,Rural,1
100.42,Rural,1
476.18,Rural,1
154.57,Rural,1
60.4,Rural,1
139.62,Rural,1
138.97,Rural,1
175.08,Rural,1
142.5,Rural,1
127.81,Rural,1
261.98,Rural,1
158.69,Rural,1
178.23,Rural,1
215.35,Rural,1
147.18,Rural,1
157.27,Rural,1
74.95,Rural,1
386.96,Rural,1
177.82,Rural,1
117.52,Rural,1
122.88,Rural,1
123.65,Rural,1
218.12,Rural,1
134.2,Rural,1
177.22,Rural,1
175.64,Rural,1
136.08,Rural,1
28.26,Rural,1
108,Rural,1
89.81,Rural,1
111.41,Rural,1
175.27,Rural,1
188.57,Rural,1
204.25,Rural,1
48.06,Rural,1
222.95,Rural,1
119.13,Rural,1
239.79,Rural,1
274.65,Rural,1
225.32,Rural,1
69.03,Rural,1
112.35,Rural,1
157.81,Rural,1
125.11,Rural,1
299.18,Rural,1
216.63,Rural,1
53.69,Rural,1
173.47,Rural,1
163.41,Rural,1
60.4,Rural,1
148.12,Rural,1
164.63,Rural,1
147.43,Rural,1
112.55,Rural,1
129.62,Rural,1
151.95,Rural,1
135.29,Rural,1
172.26,Rural,1
238.37,Rural,1
291.3,Rural,1
181.92,Rural,1
90.89,Rural,1
172.03,Rural,1
102.84,Rural,1
162.07,Rural,1
152.55,Rural,1
113.19,Rural,1
220.61,Rural,1
125.37,Rural,1
263.42,Rural,1
363.59,Rural,1
258.61,Rural,1
121.21,Rural,1
107.42,Rural,1
126.86,Rural,1
124.38,Rural,1
25.13,Rural,1
153.57,Rural,1
171.87,Rural,1
227.87,Rural,1
48.77,Rural,1
109.59,Rural,1
74.72,Rural,1
78.41,Rural,1
164.67,Rural,1
170.55,Rural,1
97.11,Rural,1
197.67,Rural,1
128.63,Rural,1
55.09,Rural,1
107.61,Rural,1
406.91,Rural,1
65.5,Rural,1
231.1,Rural,1
69.29,Rural,1
234.74,Rural,1
143.62,Rural,1
201.2,Rural,1
133.61,Rural,1
133.65,Rural,1
111.16,Rural,1
130.58,Rural,1
257.9,Rural,1
91.04,Rural,1
123.65,Rural,1
168.79,Rural,1
72.94,Rural,1
150.83,Rural,1
89.29,Rural,1
62.23,Rural,1
227.52,Rural,1
268.65,Rural,1
84.32,Rural,1
140.64,Rural,1
42.8,Rural,1
136.15,Rural,1
121.38,Rural,1
92.38,Rural,1
185.48,Rural,1
254.89,Rural,1
55.19,Rural,1
290.91,Rural,1
118.02,Rural,1
66.55,Rural,1
325.7,Rural,1
234.88,Rural,1
106.87,Rural,1
119.52,Rural,1
127.4,Rural,1
277.81,Rural,1
89.1,Rural,1
150.24,Rural,1
101.78,Rural,1
235.63,Rural,1
59.34,Rural,1
139.88,Rural,1
507.81,Rural,1
155.72,Rural,1
144.98,Rural,1
186.79,Rural,1
86.62,Rural,1
140.81,Rural,1
155.45,Rural,1
145.06,Rural,1
41.14,Rural,1
116.45,Rural,1
102.31,Rural,1
98.18,Rural,1
201.02,Rural,1
212.83,Rural,1
206.74,Rural,1
69.47,Rural,1
148.06,Rural,1
796.62,Rural,1
185.37,Rural,1
66.09,Rural,1
66.07,Rural,1
153.91,Rural,1
197.65,Rural,1
183.72,Rural,1
104.68,Rural,1
143.83,Rural,1
228.95,Rural,1
130.04,Rural,1
128.98,Rural,1
133.86,Rural,1
143.91,Rural,1
117.74,Rural,1
696.79,Rural,1
29.02,Rural,1
171.87,Rural,1
60.84,Rural,1
71.61,Rural,1
48.64,Rural,1
118.48,Rural,1
131.02,Rural,1
196.13,Rural,1
116.27,Rural,1
130.14,Rural,1
175.52,Rural,1
68.8,Rural,1
164.62,Rural,1
263.54,Rural,1
31.2,Rural,1
192.49,Rural,1
109.4,Rural,1
118.53,Rural,1
120.2,Rural,1
239.16,Rural,1
75.83,Rural,1
78.03,Rural,1
262.23,Rural,1
123.75,Rural,1
185.73,Rural,1
140.97,Rural,1
124.95,Rural,1
182.05,Rural,1
131.53,Rural,1
103.59,Rural,1
132.3,Rural,1
195.77,Rural,1
153.5,Rural,1
204.85,Rural,1
163.3,Rural,1
64.03,Rural,1
237.15,Rural,1
80.64,Rural,1
246.47,Rural,1
67.65,Rural,1
87.2,Rural,1
63.63,Rural,1
81.97,Rural,1
148.4,Rural,1
122.36,Rural,1
46.41,Rural,1
184.18,Rural,1
208.33,Rural,1
163.92,Rural,1
85.07,Rural,1
69.94,Rural,1
248.97,Rural,1
105.07,Rural,1
102.31,Rural,1
134.8,Rural,1
281.34,Rural,1
125.41,Rural,1
178.25,Rural,1
137.24,Rural,1
89.46,Rural,1
174.78,Rural,1
116.73,Rural,1
91.25,Rural,1
263.81,Rural,1
103.24,Rural,1
188.63,Rural,1
206,Rural,1
256.97,Rural,1
174.01,Rural,1
198.46,Rural,1
166.47,Rural,1
134.35,Rural,1
216.43,Rural,1
127.09,Rural,1
159.06,Rural,1
78.48,Rural,1
189.29,Rural,1
78.17,Rural,1
436.13,Rural,1
131.16,Rural,1
117.47,Rural,1
79.07,Rural,1
122.53,Rural,1
57.99,Rural,1
159.08,Rural,1
37.96,Rural,1
186.26,Rural,1
160.36,Rural,1
231.13,Rural,1
38.16,Rural,1
68.8,Rural,1
76.16,Rural,1
404.35,Rural,1
143.5,Rural,1
100.39,Rural,1
97.73,Rural,1
145.2,Rural,1
127.75,Rural,1
156.05,Rural,1
50.94,Rural,1
48.92,Rural,1
238.5,Rural,1
111.78,Rural,1
59.78,Rural,1
60.77,Rural,1
123.51,Rural,1
115.95,Rural,1
57.6,Rural,1
211.65,Rural,1
191.38,Rural,1
133.94,Rural,1
283.58,Rural,1
143.09,Rural,1
139.72,Rural,1
750.59,Rural,1
129.9,Rural,1
339.07,Rural,1
87.55,Rural,1
215.29,Rural,1
174.68,Rural,1
208.58,Rural,1
150.92,Rural,1
58.2,Rural,1
136.88,Rural,1
120.46,Rural,1
223.17,Rural,1
48.48,Rural,1
71.71,Rural,1
226.86,Rural,1
114.93,Rural,1
160.46,Rural,1
169.86,Rural,1
124.38,Rural,1
166.57,Rural,1
186,Rural,1
72.05,Rural,1
128.91,Rural,1
127.46,Rural,1
149.97,Rural,1
180.82,Rural,1
131.2,Rural,1
71.95,Rural,1
116.08,Rural,1
73.29,Rural,1
225.9,Rural,1
61.92,Rural,1
113.55,Rural,1
132.74,Rural,1
106.23,Rural,1
128.44,Rural,1
156.42,Rural,1
122.74,Rural,1
115.01,Rural,1
203.38,Rural,1
212.58,Rural,1
188.66,Rural,1
217.43,Rural,1
178.76,Rural,1
112.95,Rural,1
275.47,Rural,1
39.23,Rural,1
136.11,Rural,1
192.25,Rural,1
70.15,Rural,1
214.69,Rural,1
63.77,Rural,1
239.23,Rural,1
63.36,Rural,1
152.69,Rural,1
119.17,Rural,1
155.46,Rural,1
284.92,Rural,1
211.92,Rural,1
115.89,Rural,1
138.2,Rural,1
94.93,Rural,1
99.46,Rural,1
149.7,Rural,1
120.67,Rural,1
87.62,Rural,1
136.7,Rural,1
132.61,Rural,1
138.96,Rural,1
147.45,Rural,1
127.32,Rural,1
123.67,Rural,1
90.27,Rural,1
140.77,Rural,1
61.66,Rural,1
466.33,Rural,1
105.7,Rural,1
215.1,Rural,1
123.42,Rural,1
47.29,Rural,1
89.92,Rural,1
175.83,Rural,1
71.64,Rural,1
50.37,Rural,1
211.1,Rural,1
167.17,Rural,1
55.92,Rural,1
68.27,Rural,1
167.42,Rural,1
53.13,Rural,1
146.45,Rural,1
232.81,Rural,1
105.03,Rural,1
49.8,Rural,1
106.79,Rural,1
95.44,Rural,1
73.23,Rural,1
231.85,Rural,1
370.08,Rural,1
113.65,Rural,1
89.29,Rural,1
422.26,Rural,2
163.87,Rural,2
153.21,Rural,2
74.94,Rural,2
77.11,Rural,2
80.61,Rural,2
116.65,Rural,2
52.1,Rural,2
134.69,Rural,2
186.91,Rural,2
169.1,Rural,2
109.74,Rural,2
199.96,Rural,2
159.5,Rural,2
54.78,Rural,2
138.16,Rural,2
128.13,Rural,2
381.63,Rural,2
110.18,Rural,2
308.65,Rural,2
337.21,Rural,2
121.8,Rural,2
87.74,Rural,2
459.88,Rural,2
109.78,Rural,2
403.47,Rural,2
144.64,Rural,2
618.19,Rural,2
124.43,Rural,2
30.47,Rural,2
64.53,Rural,2
238.99,Rural,2
61.19,Rural,2
109.98,Rural,2
182.41,Rural,2
65.74,Rural,2
179.8,Rural,2
215.69,Rural,2
143.74,Rural,2
76.71,Rural,2
200.79,Rural,2
35.94,Rural,2
111.37,Rural,2
106.08,Rural,2
43.45,Rural,2
91.29,Rural,2
269.98,Rural,2
104.94,Rural,2
190.32,Rural,2
27.8,Rural,2
239.98,Rural,2
142.06,Rural,2
29.52,Rural,2
166.36,Rural,2
172.53,Rural,2
192.25,Rural,2
287.29,Rural,2
130.64,Rural,2
88.26,Rural,2
229.41,Rural,2
109.31,Rural,2
124.41,Rural,2
78.63,Rural,2
260.07,Rural,2
37.45,Rural,2
141.68,Rural,2
162.09,Rural,2
174.8,Rural,2
113.48,Rural,2
112.17,Rural,2
65.73,Rural,2
70.35,Rural,2
44.8,Rural,2
119.99,Rural,2
102.86,Rural,2
80.51,Rural,2
38.13,Rural,2
74.19,Rural,2
215.37,Rural,2
84.67,Rural,2
45.7,Rural,2
141.67,Rural,2
49.04,Rural,2
123.34,Rural,2
115.71,Rural,2
137.34,Rural,2
134.43,Rural,2
35.69,Rural,2
208.09,Rural,2
85.18,Rural,2
238.86,Rural,2
130.8,Rural,2
120.76,Rural,2
36.43,Rural,2
266.6,Rural,2
91.39,Rural,2
113.91,Rural,2
61.06,Rural,2
182.68,Rural,2
140.93,Rural,2
194.74,Rural,2
167.09,Rural,2
110.31,Rural,2
129.53,Rural,2
119.59,Rural,2
82.77,Rural,2
163.06,Rural,2
174.91,Rural,2
127.07,Rural,2
235.74,Rural,2
297.88,Rural,2
333.28,Rural,2
314.4,Rural,2
102.76,Rural,2
137.28,Rural,2
65.33,Rural,2
216.81,Rural,2
91.04,Rural,2
393.18,Rural,2
192.19,Rural,2
213.21,Rural,2
104.96,Rural,2
216.16,Rural,2
130.74,Rural,2
43.73,Rural,2
71.66,Rural,2
143.39,Rural,2
189.44,Rural,2
297.25,Rural,2
106.37,Rural,2
148.28,Rural,2
165.99,Rural,2
129.26,Rural,2
247.02,Rural,2
103.65,Rural,2
131.92,Rural,2
131.66,Rural,2
189.91,Rural,2
149.28,Rural,2
132.63,Rural,2
115.69,Rural,2
198.71,Rural,2
93.18,Rural,2
84.67,Rural,2
97.7,Rural,2
156.75,Rural,2
140.83,Rural,2
56.35,Rural,2
231.65,Rural,2
100.65,Rural,2
262.51,Rural,2
89.99,Rural,2
278.07,Rural,2
50.96,Rural,2
108.57,Rural,2
222.56,Rural,2
148.5,Rural,2
217.72,Rural,2
131.56,Rural,2
31.95,Rural,2
215.53,Rural,2
125.99,Rural,2
184.88,Rural,2
66.62,Rural,2
183.71,Rural,2
147.88,Rural,2
69.65,Rural,2
158.5,Rural,2
185.36,Rural,2
82.53,Rural,2
107.56,Rural,2
175.11,Rural,2
135.13,Rural,2
495.07,Rural,2
71.84,Rural,2
183.71,Rural,2
122.21,Rural,2
158.57,Rural,2
127.25,Rural,2
43.55,Rural,2
300.26,Rural,2
53.39,Rural,2
391.44,Rural,2
113.23,Rural,2
127.24,Rural,2
86.29,Rural,2
44.42,Rural,2
112.49,Rural,2
191.77,Rural,2
173.02,Rural,2
55.28,Rural,2
80.25,Rural,2
105.99,Rural,2
228.92,Rural,2
152.58,Rural,2
81.82,Rural,2
160.81,Rural,2
101.02,Rural,2
347.96,Rural,2
97.78,Rural,2
180.98,Rural,2
95.75,Rural,2
64.88,Rural,2
170.66,Rural,2
288.31,Rural,2
173.49,Rural,2
144.21,Rural,2
123.42,Rural,2
50.52,Rural,2
143.1,Rural,2
152.17,Rural,2
88.2,Rural,2
120.32,Rural,2
149.29,Rural,2
166.72,Rural,2
74.59,Rural,2
175.53,Rural,2
162.27,Rural,2
211.24,Rural,2
92.52,Rural,2
54.44,Rural,2
48.01,Rural,2
264.88,Rural,2
65.1,Rural,2
95.92,Rural,2
107.88,Rural,2
122.4,Rural,2
132.4,Rural,2
650.21,Rural,2
86.31,Rural,2
192.82,Rural,2
78.73,Rural,2
48.52,Rural,2
150.85,Rural,2
54.09,Rural,2
250.38,Rural,2
75.79,Rural,2
326.5,Rural,2
130.47,Rural,2
134.26,Rural,2
30.62,Rural,2
77.17,Rural,2
202.57,Rural,2
201.99,Rural,2
70.86,Rural,2
54.38,Rural,2
133.05,Rural,2
57.49,Rural,2
112.37,Rural,2
199.81,Rural,2
91.91,Rural,2
111.77,Rural,2
79.56,Rural,2
55.75,Rural,2
206.62,Rural,2
139.37,Rural,2
38.67,Rural,2
180.27,Rural,2
41.12,Rural,2
86.76,Rural,2
58.39,Rural,2
229.92,Rural,2
139.53,Rural,2
180.3,Rural,2
189.97,Rural,2
128.33,Rural,2
72.21,Rural,2
193.58,Rural,2
184.95,Rural,2
105.58,Rural,2
114.35,Rural,2
106.87,Rural,2
272.42,Rural,2
142.64,Rural,2
113.02,Rural,2
86.16,Rural,2
203.38,Rural,2
194.75,Rural,2
45.94,Rural,2
103.75,Rural,2
90.26,Rural,2
140.32,Rural,2
203.21,Rural,2
59.73,Rural,2
72.34,Rural,2
208.13,Rural,2
140.13,Rural,2
95.08,Rural,2
97.08,Rural,2
115.1,Rural,2
73.87,Rural,2
144.51,Rural,2
53.77,Rural,2
144.62,Rural,2
76.84,Rural,2
80.59,Rural,2
75.14,Rural,2
25.42,Rural,2
196.77,Rural,2
109.9,Rural,2
69.27,Rural,2
32.15,Rural,2
189.46,Rural,2
199.53,Rural,2
54.44,Rural,2
113.52,Rural,2
148.59,Rural,2
39.26,Rural,2
185.91,Rural,2
36.58,Rural,2
156.7,Rural,2
138.14,Rural,2
112.71,Rural,2
129.46,Rural,2
147,Rural,2
112.21,Rural,2
197.77,Rural,2
44.55,Rural,2
57.67,Rural,2
104.41,Rural,2
119.26,Rural,2
127.14,Rural,2
139.28,Rural,2
49.02,Rural,2
189.55,Rural,2
81.69,Rural,2
115.2,Rural,2
102.54,Rural,2
114.41,Rural,2
328.71,Rural,2
49.94,Rural,2
89.48,Rural,2
315.17,Rural,2
98.27,Rural,2
71.69,Rural,2
43.07,Rural,2
182.99,Rural,2
104.92,Rural,2
129.44,Rural,2
71.06,Rural,2
106.41,Rural,2
177.51,Rural,2
86.65,Rural,2
46.22,Rural,2
37.34,Rural,2
116.43,Rural,2
122.52,Rural,2
123.36,Rural,2
200.02,Rural,2
150.43,Rural,2
301.22,Rural,2
137.06,Rural,2
137.03,Rural,2
59.73,Rural,2
33.95,Rural,2
153.23,Rural,2
70.55,Rural,2
144.45,Rural,2
44.06,Rural,2
116.48,Rural,2
118.09,Rural,2
30.76,Rural,2
37.09,Rural,2
194.47,Rural,2
23.82,Rural,2
183.65,Rural,2
146.18,Rural,2
87.73,Rural,2
148.46,Rural,7
329.44,Rural,7
229.1,Rural,7
109.72,Rural,7
241.13,Rural,7
169.04,Rural,7
220.73,Rural,7
117.52,Rural,7
338.88,Rural,7
167.68,Rural,7
583.04,Rural,7
112.54,Rural,7
223.08,Rural,7
379.3,Rural,7
256,Rural,7
144.83,Rural,7
232.78,Rural,7
301.38,Rural,7
367.94,Rural,7
109.35,Rural,7
163.74,Rural,7
158.89,Rural,7
156.15,Rural,7
178.57,Rural,7
360.38,Rural,7
100.74,Rural,7
410.7,Rural,7
179.15,Rural,7
372.64,Rural,7
204.6,Rural,7
110.34,Rural,7
390.3,Rural,7
102.89,Rural,7
121.96,Rural,7
176.33,Rural,7
446.8,Rural,7
372.87,Rural,7
387.98,Rural,7
363.21,Rural,7
967.68,Rural,7
120.51,Rural,7
232.92,Rural,7
149.61,Rural,7
1701.86,Rural,7
159.48,Rural,7
114.26,Rural,7
404.94,Rural,7
393.29,Rural,7
479.38,Rural,7
305.65,Rural,7
165.54,Rural,7
152.91,Rural,7
214.17,Rural,7
129.24,Rural,7
158.76,Rural,7
341.63,Rural,7
308.51,Rural,7
144.49,Rural,7
154.3,Rural,7
269.41,Rural,7
159.8,Rural,7
120.06,Rural,7
137.35,Rural,7
199.81,Rural,7
155.91,Rural,7
253.21,Rural,7
127.65,Rural,7
310.48,Rural,7
86.84,Rural,7
332.96,Rural,7
124.77,Rural,7
210.07,Rural,7
223.86,Rural,7
148.1,Rural,7
481.22,Rural,7
192.34,Rural,7
123.16,Rural,7
128.32,Rural,7
134,Rural,7
207.4,Rural,7
242.17,Rural,7
305.46,Rural,7
179.48,Rural,7
371.64,Rural,7
597.55,Rural,7
128.56,Rural,7
223.15,Rural,7
186.89,Rural,7
86.02,Rural,7
163.32,Rural,7
108.13,Rural,7
274.49,Rural,7
90.37,Rural,7
124.86,Rural,7
242.65,Rural,7
284.45,Rural,7
223.12,Rural,7
122.46,Rural,7
501.09,Rural,7
184.98,Rural,7
166.37,Rural,7
170.96,Rural,7
127.76,Rural,7
253,Rural,7
257.62,Rural,7
208.86,Rural,7
181.7,Rural,7
271.25,Rural,7
160.19,Rural,7
158.81,Rural,7
137.73,Rural,7
77.89,Rural,7
109.69,Rural,7
118.26,Rural,7
146.33,Rural,7
205.67,Rural,7
150.83,Rural,7
261.74,Rural,7
218.5,Rural,7
154.96,Rural,7
183.03,Rural,7
122.96,Rural,7
216.68,Rural,7
110.68,Rural,7
165.7,Rural,7
184.34,Rural,7
336.45,Rural,7
177.87,Rural,7
133.82,Rural,7
283.43,Rural,7
199.56,Rural,7
58.72,Rural,7
161.96,Rural,7
305.83,Rural,7
189.25,Rural,7
155.76,Rural,7
302.36,Rural,7
102.68,Rural,7
132.12,Rural,7
437.65,Rural,7
403.93,Rural,7
198.17,Rural,7
106.03,Rural,7
307.03,Rural,7
363.34,Rural,7
203.06,Rural,7
86.05,Rural,7
202.51,Rural,7
307.98,Rural,7
63.76,Rural,7
102.03,Rural,7
216.42,Rural,7
205.48,Rural,7
140.07,Rural,7
135.77,Rural,7
329.02,Rural,7
103.3,Rural,7
126.97,Rural,7
173.19,Rural,7
191.1,Rural,7
90.24,Rural,7
151.97,Rural,7
161.01,Rural,7
243.31,Rural,7
105.72,Rural,7
364.89,Rural,7
229.67,Rural,7
321.14,Rural,7
90.56,Rural,7
168.28,Rural,7
120.17,Rural,7
196.92,Rural,7
297.18,Rural,7
358.08,Rural,7
276.94,Rural,7
306.43,Rural,7
115.46,Rural,7
258.11,Rural,7
169.77,Rural,7
241.34,Rural,7
271.29,Rural,7
220.3,Rural,7
163.54,Rural,7
120.56,Rural,7
211.32,Rural,7
237.66,Rural,7
230.42,Rural,7
317.21,Rural,7
335.54,Rural,7
270.19,Rural,7
122.87,Rural,7
1196.97,Rural,7
218.48,Rural,7
216.76,Rural,7
475.89,Rural,7
732.21,Rural,7
160.07,Rural,7
140.71,Rural,7
83.08,Rural,7
262.89,Rural,7
171.98,Rural,7
233.66,Rural,7
239.8,Rural,7
306.72,Rural,7
319.89,Rural,7
149.69,Rural,7
82.92,Rural,7
233.88,Rural,7
86.14,Rural,7
235.29,Rural,7
128,Rural,7
168.72,Rural,7
78.03,Rural,7
328.4,Rural,7
254.25,Rural,7
190.79,Rural,7
262.07,Rural,7
140.1,Rural,7
278.22,Rural,7
176.1,Rural,7
84.51,Rural,7
203.39,Rural,7
238.72,Rural,7
119.09,Rural,7
215.82,Rural,7
303.69,Rural,7
237.71,Rural,7
504.06,Rural,7
208.11,Rural,7
386.52,Rural,7
129.47,Rural,7
202.42,Rural,7
104.4,Rural,7
247.46,Rural,7
298.84,Rural,7
146,Rural,7
369.42,Rural,7
240.37,Rural,7
401.79,Rural,7
394.65,Rural,7
541.27,Rural,7
119.08,Rural,7
171.94,Rural,7
170.67,Rural,7
134.43,Rural,7
206.46,Rural,7
251.72,Rural,7
229.65,Rural,7
233.45,Rural,7
206.16,Rural,7
75.98,Rural,7
214.61,Rural,7
142.48,Rural,7
247.46,Rural,7
215.43,Rural,7
305.92,Rural,7
161.32,Rural,7
260.05,Rural,7
381.31,Rural,7
214.69,Rural,7
129.23,Rural,7
300.92,Rural,7
177.93,Rural,7
274.72,Rural,7
156.68,Rural,7
249.22,Rural,7
221.16,Rural,7
317.15,Rural,7
420.38,Rural,7
267.06,Rural,7
307.46,Rural,7
175.39,Rural,7
195.88,Rural,7
472.88,Rural,7
126.12,Rural,7
508.01,Rural,7
262.99,Rural,7
206.79,Rural,7
142.98,Rural,7
281.3,Rural,7
239.2,Rural,7
62.12,Rural,7
250.52,Rural,7
229.92,Rural,7
167.47,Rural,7
212,Rural,7
194.23,Rural,7
90.62,Rural,7
272.84,Rural,7
292.33,Rural,7
276.1,Rural,7
149.34,Rural,7
337.14,Rural,7
83.1,Rural,7
194,Rural,7
605.7,Rural,7
290.08,Rural,7
307.11,Rural,7
415.04,Rural,7
562.21,Rural,7
160.44,Rural,7
508.68,Rural,7
198.03,Rural,7
385.21,Rural,7
435.63,Rural,7
218.12,Rural,7
127.23,Rural,7
466.37,Rural,7
355.53,Rural,7
184.97,Rural,7
158.75,Rural,7
423.64,Rural,7
208.21,Rural,7
218.49,Rural,7
93.17,Rural,7
243.99,Rural,7
136.44,Rural,7
91.68,Rural,7
153.15,Rural,7
321.58,Rural,7
221.97,Rural,7
107.97,Rural,7
167.25,Rural,7
403.21,Rural,7
138.41,Rural,7
156.09,Rural,7
114.67,Rural,7
189.89,Rural,7
432.67,Rural,7
166.3,Rural,7
277.01,Rural,7
195.52,Rural,7
422.75,Rural,7
229.35,Rural,7
241.26,Rural,7
245.01,Rural,7
301.41,Rural,7
141.13,Rural,7
457.65,Rural,7
139.8,Rural,7
234.28,Rural,7
162.68,Rural,7
162.11,Rural,7
373.84,Rural,7
332.75,Rural,7
207.7,Rural,7
468.01,Rural,7
516.2,Rural,7
85.62,Rural,7
88.27,Rural,7
234.73,Rural,7
473.45,Rural,7
143.7,Rural,7
110.33,Rural,7
266.74,Rural,7
149.92,Rural,7
162,Rural,7
161.13,Rural,7
275.17,Rural,7
347.93,Rural,7
663.82,Rural,7
313.12,Rural,7
201.7,Rural,7
105.69,Rural,7
161.39,Rural,7
133.62,Rural,7
110.78,Rural,7
159.12,Rural,7
200.1,Rural,7
184.39,Rural,7
159.62,Rural,7
128.17,Rural,7
232.52,Rural,7
129.72,Rural,7
192.43,Rural,7
194.53,Rural,7
169.22,Rural,7
242.37,Rural,7
93.98,Rural,7
299.92,Rural,7
172.77,Rural,7
155.46,Rural,7
137.31,Rural,7
141.84,Rural,7
193.25,Rural,7
122.01,Rural,7
115.99,Rural,7
102.96,Rural,7
175.74,Rural,7
195.63,Rural,7
482.69,Rural,7
221.88,Rural,7
218.05,Rural,7
281.7,Rural,7
151.45,Rural,7
154.52,Rural,7
260.52,Rural,7
218.08,Rural,7
129.62,Rural,7
170.73,Rural,7
366.06,Rural,7
216.34,Rural,7
191.59,Rural,7
279.24,Rural,7
477.54,Rural,7
193.18,Rural,7
606.96,Rural,7
356.4,Rural,7
253.24,Rural,7
448.01,Rural,7
342.46,Rural,7
188.62,Rural,7
296.56,Rural,7
252.92,Rural,7
156.53,Rural,7
171.91,Rural,7
332.97,Rural,7
71.49,Rural,7
230.68,Rural,7
351.33,Rural,7
194.65,Rural,7
345.56,Rural,7
177.68,Rural,7
170.13,Rural,7
193.81,Rural,7
537.1,Rural,7
229.4,Rural,7
235.61,Rural,7
297.03,Rural,7
216.53,Rural,7
191.26,Rural,7
296.83,Rural,7
75.17,Rural,7
141.65,Rural,7
285.02,Rural,7
155.55,Rural,7
173.66,Rural,7
195.97,Rural,7
109.42,Rural,7
146.61,Rural,7
160.4,Rural,7
286.11,Rural,7
161.2,Rural,7
212.45,Rural,7
222.25,Rural,7
298.09,Rural,7
367.03,Rural,7
132.35,Rural,7
192.09,Rural,7
110.55,Rural,7
300.89,Rural,7
200.11,Rural,7
315.8,Rural,7
224.65,Rural,7
144.65,Rural,7
357.54,Rural,7
105.94,Rural,7
189.7,Rural,7
130.29,Rural,7
131.01,Rural,7
107.71,Rural,7
944.2,Rural,7
151.11,Rural,7
341.49,Rural,7
304.1,Rural,7
253.5,Rural,7
355.55,Rural,7
147.53,Rural,7
265.19,Rural,7
353.58,Rural,7
97.6,Rural,7
812.26,Rural,7
171.75,Rural,7
292.88,Rural,7
164.13,Rural,7
270.74,Rural,7
259.42,Rural,7
171.21,Rural,7
364.44,Rural,7
65.22,Rural,7
106.6,Rural,7
80,Rural,7
180.93,Rural,7
157.85,Rural,7
133.5,Rural,7
151.67,Rural,7
186.62,Rural,7
143.43,Rural,7
225.85,Rural,7
318.29,Rural,7
472.45,Rural,7
238.29,Rural,7
206.76,Rural,7
428.79,Rural,7
182.26,Rural,7
243.42,Rural,7
210.7,Rural,7
186.29,Rural,7
105.2,Rural,7
163.14,Rural,7
1625.76,Rural,7
171.6,Rural,7
259.55,Rural,7
112.37,Rural,7
253.54,Rural,7
147.12,Rural,7
135.45,Rural,7
242.09,Rural,7
114.07,Rural,7
145.02,Rural,7
587.74,Rural,7
242.76,Rural,7
144.57,Rural,7
141.42,Rural,7
41.05,Rural,3
91.07,Rural,3
154.59,Rural,3
83,Rural,3
142.94,Rural,3
84.31,Rural,3
102.19,Rural,3
97.24,Rural,3
345.13,Rural,3
134.12,Rural,3
200.62,Rural,3
185.76,Rural,3
129.05,Rural,3
263.95,Rural,3
142.45,Rural,3
128.69,Rural,3
93.48,Rural,3
227.37,Rural,3
135.84,Rural,3
114.93,Rural,3
123.52,Rural,3
170.94,Rural,3
133.36,Rural,3
137.77,Rural,3
103.12,Rural,3
134.12,Rural,3
164.68,Rural,3
83.27,Rural,3
267.82,Rural,3
118.09,Rural,3
93.49,Rural,3
140.99,Rural,3
81.96,Rural,3
208.02,Rural,3
208.23,Rural,3
212.63,Rural,3
110.98,Rural,3
95.26,Rural,3
110.08,Rural,3
63.85,Rural,3
31.98,Rural,3
122.26,Rural,3
48.13,Rural,3
338.49,Rural,3
102.76,Rural,3
99.29,Rural,3
123.61,Rural,3
282.79,Rural,3
418.02,Rural,3
223.1,Rural,3
260.89,Rural,3
97.11,Rural,3
102.27,Rural,3
167.88,Rural,3
226.32,Rural,3
170.45,Rural,3
89.75,Rural,3
70.14,Rural,3
198.71,Rural,3
179.33,Rural,3
127.78,Rural,3
75.41,Rural,3
97.03,Rural,3
192.05,Rural,3
148.55,Rural,3
137.64,Rural,3
175.66,Rural,3
101.13,Rural,3
114.61,Rural,3
171.49,Rural,3
99.71,Rural,3
221.09,Rural,3
128.98,Rural,3
143.96,Rural,3
149.63,Rural,3
83.47,Rural,3
176.05,Rural,3
222.67,Rural,3
114.14,Rural,3
235.18,Rural,3
175.09,Rural,3
139.44,Rural,3
125.89,Rural,3
185.85,Rural,3
143,Rural,3
105.72,Rural,3
158.11,Rural,3
131.81,Rural,3
90.24,Rural,3
202.79,Rural,3
310.76,Rural,3
124.31,Rural,3
107.81,Rural,3
73.77,Rural,3
239.58,Rural,3
225.55,Rural,3
167.73,Rural,3
144.97,Rural,3
80.91,Rural,3
123.97,Rural,3
66.27,Rural,3
219.48,Rural,3
114.44,Rural,3
84.89,Rural,3
100.07,Rural,3
117.24,Rural,3
139.45,Rural,3
247.97,Rural,3
80.74,Rural,3
118.37,Rural,3
59.11,Rural,3
191.07,Rural,3
138.7,Rural,3
217.14,Rural,3
134.66,Rural,3
107.5,Rural,3
151.33,Rural,3
69.07,Rural,3
124.81,Rural,3
93.82,Rural,3
281.36,Rural,3
119.13,Rural,3
113.55,Rural,3
147.39,Rural,3
140.84,Rural,3
194.2,Rural,3
223.79,Rural,3
213.62,Rural,3
142.65,Rural,3
351.67,Rural,3
204.7,Rural,3
214.4,Rural,3
109.95,Rural,3
270,Rural,3
232.92,Rural,3
162.31,Rural,3
130.78,Rural,3
208.16,Rural,3
154.91,Rural,3
320.69,Rural,3
269,Rural,3
274.06,Rural,3
188.75,Rural,3
136.67,Rural,3
160.89,Rural,3
155.15,Rural,3
97.75,Rural,3
145.76,Rural,3
158.86,Rural,3
104.48,Rural,3
89.58,Rural,3
148.25,Rural,3
144.76,Rural,3
207,Rural,3
153.51,Rural,3
109.09,Rural,3
112.46,Rural,3
145.41,Rural,3
204.87,Rural,3
85.51,Rural,3
103.52,Rural,3
142.87,Rural,3
94.45,Rural,3
163.37,Rural,3
83.41,Rural,3
188.01,Rural,3
189.41,Rural,3
194.09,Rural,3
176.27,Rural,3
86.29,Rural,3
196.14,Rural,3
184.89,Rural,3
159.39,Rural,3
128.11,Rural,3
169.32,Rural,3
135.76,Rural,3
126.11,Rural,3
235.64,Rural,3
127.09,Rural,3
155.47,Rural,3
104.34,Rural,3
98.6,Rural,3
182.84,Rural,3
103.81,Rural,3
104.9,Rural,3
91.13,Rural,3
64.04,Rural,3
115.06,Rural,3
89.25,Rural,3
399.94,Rural,3
92.85,Rural,3
99.35,Rural,3
220.01,Rural,3
86.1,Rural,3
216.47,Rural,3
316.22,Rural,3
98.92,Rural,3
101.43,Rural,3
124.19,Rural,3
111.56,Rural,3
136.73,Rural,3
266.11,Rural,3
54.03,Rural,3
193.98,Rural,3
104.9,Rural,3
219.99,Rural,3
190.02,Rural,3
260,Rural,3
267.6,Rural,3
120.28,Rural,3
108.95,Rural,3
54.58,Rural,3
146.4,Rural,3
364.35,Rural,3
179.33,Rural,3
129.19,Rural,3
181.37,Rural,3
112.5,Rural,3
235.11,Rural,3
151.15,Rural,3
87.75,Rural,3
167.36,Rural,3
173.75,Rural,3
228.34,Rural,3
83.3,Rural,3
49.21,Rural,3
173.23,Rural,3
97.45,Rural,3
180.09,Rural,3
132.21,Rural,3
195.05,Rural,3
212.63,Rural,3
218.11,Rural,3
134.09,Rural,3
165.99,Rural,3
198.57,Rural,3
87.29,Rural,3
137.56,Rural,3
158.29,Rural,3
148.71,Rural,3
305.8,Rural,3
256.67,Rural,3
228.45,Rural,3
239.33,Rural,3
100.48,Rural,3
253.82,Rural,3
96.97,Rural,3
302.18,Rural,3
158.79,Rural,3
126.45,Rural,3
76.9,Rural,3
101.56,Rural,3
247.88,Rural,3
182.76,Rural,3
101.22,Rural,3
136.6,Rural,3
173.15,Rural,3
98.06,Rural,3
190.25,Rural,3
189.31,Rural,3
100.14,Rural,3
168.99,Rural,3
177.69,Rural,3
245.92,Rural,3
106.27,Rural,3
271.11,Rural,3
110.1,Rural,3
129.62,Rural,3
146.44,Rural,3
127.18,Rural,3
213.47,Rural,3
313.62,Rural,3
242.97,Rural,3
107.01,Rural,3
218.44,Rural,3
199.98,Rural,3
190.63,Rural,3
171.6,Rural,3
115.51,Rural,3
225.72,Rural,3
112.77,Rural,3
149.87,Rural,3
104.48,Rural,3
154.68,Rural,3
222.91,Rural,3
142.5,Rural,3
147.51,Rural,3
75.5,Rural,3
134.87,Rural,3
193.13,Rural,3
85.45,Rural,3
119.54,Rural,3
151.07,Rural,3
43.04,Rural,3
139.56,Rural,3
103.08,Rural,3
149.39,Rural,3
69.82,Rural,3
116.01,Rural,3
405.58,Rural,3
80.65,Rural,3
100.62,Rural,3
136.81,Rural,3
74.59,Rural,3
124.45,Rural,3
87.36,Rural,3
78.18,Rural,3
150.27,Rural,3
121.09,Rural,3
163.86,Rural,3
130.37,Rural,3
140.65,Rural,3
190.53,Rural,3
153.38,Rural,3
188.11,Rural,3
98.06,Rural,3
85.03,Rural,3
152.93,Rural,3
107.82,Rural,3
100.14,Rural,3
117.84,Rural,3
312.2,Rural,3
185.95,Rural,3
171.99,Rural,3
220.37,Rural,3
131.75,Rural,3
129.53,Rural,3
156.27,Rural,3
79.38,Rural,3
141.7,Rural,3
169.29,Rural,3
385.02,Rural,3
118.78,Rural,3
128.14,Rural,3
117.67,Rural,3
119.09,Rural,3
140.32,Rural,3
45.31,Rural,3
109.35,Rural,3
121.48,Rural,3
114.73,Rural,3
125.15,Rural,3
247.91,Rural,3
126.72,Rural,3
111.01,Rural,3
287.4,Rural,3
121.19,Rural,3
217.73,Rural,3
100.43,Rural,3
138.2,Rural,3
65.37,Rural,3
160.82,Rural,3
95.49,Rural,3
78.28,Rural,3
124.98,Rural,3
110.32,Rural,3
193.96,Rural,3
416.72,Rural,3
183.59,Rural,3
116.25,Rural,3
98.16,Rural,3
96.2,Rural,3
103.15,Rural,3
85.32,Rural,3
373.69,Rural,3
174.9,Rural,3
179.91,Rural,3
76.85,Rural,3
112.01,Rural,3
242.44,Rural,3
114.29,Rural,3
128.61,Rural,3
147.24,Rural,3
98.33,Rural,3
96.37,Rural,3
134.13,Rural,3
405.8,Rural,3
165.09,Rural,3
347.67,Rural,3
99.58,Rural,3
342.01,Rural,3
159.75,Rural,3
71.45,Rural,3
308.77,Rural,3
106.22,Rural,3
217.84,Rural,3
97.66,Rural,3
118.75,Rural,3
107.58,Rural,3
79.17,Rural,3
130.48,Rural,3
192.55,Rural,3
91.61,Rural,3
292.71,Rural,3
244.02,Rural,3
92.02,Rural,3
173.22,Rural,3
109.22,Rural,3
225.46,Rural,3
82.31,Rural,3
138.64,Rural,3
249.52,Rural,3
97.01,Rural,3
114.4,Rural,3
317.3,Rural,3
144.46,Rural,3
111.05,Rural,3
174.88,Rural,3
174.38,Rural,3
56.99,Rural,3
80.65,Rural,3
130.45,Rural,3
220.46,Rural,3
111.57,Rural,3
122.56,Rural,3
261.97,Rural,3
85.97,Rural,3
163.52,Rural,3
158.03,Rural,3
131.99,Rural,3
127.3,Rural,3
360.6,Rural,3
109.12,Rural,3
151.84,Rural,3
80.84,Rural,3
143.94,Rural,3
173.07,Rural,3
63.59,Rural,3
133.55,Rural,3
132.49,Rural,3
296.27,Rural,3
110,Rural,3
197.15,Rural,3
94.68,Rural,3
176.21,Rural,3
178.04,Rural,3
130.66,Rural,3
127.36,Rural,3
101.92,Rural,3
79.67,Rural,3
87.54,Rural,3
162.88,Rural,3
289.86,Rural,3
160.39,Rural,3
117.29,Rural,3
237.95,Rural,3
209.2,Rural,3
86.78,Rural,3
180.07,Rural,3
162.25,Rural,3
198.83,Rural,3
145.5,Rural,3
130.24,Rural,3
97.57,Rural,3
62.71,Rural,3
92.9,Rural,3
140.41,Rural,3
97.78,Rural,3
170.47,Rural,3
184.7,Rural,3
131.32,Rural,3
101,Rural,3
113.34,Rural,3
177.79,Rural,3
316.56,Rural,3
108.48,Rural,3
159.38,Rural,3
145.26,Rural,3
246.03,Rural,3
142.43,Rural,3
145.16,Rural,3
111.98,Rural,3
88.33,Rural,3
78.96,Rural,3
119.47,Rural,3
98.99,Rural,3
75.37,Rural,3
196.38,Rural,3
475.32,Rural,3
153.44,Rural,3
222.41,Rural,3
102.02,Rural,3
125.72,Rural,3
128.61,Rural,3
105.77,Rural,3
59.38,Rural,3
121.19,Rural,3
174.45,Rural,3
101.04,Rural,3
138.37,Rural,3
98.31,Rural,3
125.11,Rural,3
130.45,Rural,3
95.74,Rural,3
55.44,Rural,3
98.07,Rural,3
227.11,Rural,3
138.36,Rural,3
118.59,Rural,3
205.1,Rural,3
198.93,Rural,3
209.12,Rural,3
85.48,Rural,3
176.91,Rural,3
162.58,Rural,3
184.86,Rural,3
253.8,Rural,3
102.95,Rural,3
182.97,Rural,3
92.83,Rural,3
105.96,Rural,3
135.89,Rural,3
99.77,Rural,3
147.06,Rural,3
257.42,Rural,3
262.31,Rural,3
296.72,Rural,3
132.43,Rural,3
121.59,Rural,3
60.09,Rural,3
232.98,Rural,3
298.92,Rural,3
58.24,Rural,3
320.1,Rural,3
131.58,Rural,3
103.51,Rural,3
86.23,Rural,3
284.69,Rural,3
107.88,Rural,3
193.07,Rural,3
207.69,Rural,3
142.59,Rural,3
83.79,Rural,3
313.99,Rural,3
269.37,Rural,3
139.77,Rural,3
181.43,Rural,3
75.02,Rural,3
107.34,Rural,3
237.68,Rural,3
100.33,Rural,3
385.75,Rural,3
102.74,Rural,3
212.63,Rural,3
91.02,Rural,3
105.87,Rural,3
152.47,Rural,3
300.04,Rural,3
169.44,Rural,3
105.79,Rural,3
106.96,Rural,3
297.43,Rural,3
234.67,Rural,3
89.28,Rural,3
156.94,Rural,3
127.87,Rural,3
156.71,Rural,3
92.47,Rural,3
135.19,Rural,3
235.17,Rural,3
288.42,Rural,3
87.36,Rural,3
83.4,Rural,3
82.56,Rural,3
620.84,Rural,3
93.93,Rural,3
100.91,Rural,3
105.37,Rural,3
249.16,Rural,3
333.57,Rural,3
137.35,Rural,3
177.41,Rural,3
244.47,Rural,3
184.61,Rural,3
183.58,Rural,3
112.2,Rural,3
197.37,Rural,3
120.95,Rural,3
214.19,Rural,3
164.26,Rural,3
132.08,Rural,3
498.79,Rural,3
73.89,Rural,3
126.95,Rural,3
109.93,Rural,3
100.57,Rural,3
279.61,Rural,3
82.03,Rural,3
158.28,Rural,3
241.71,Rural,3
244.75,Rural,3
158.65,Rural,3
98.1,Rural,3
120.77,Rural,3
218.47,Rural,3
178.04,Rural,3
122.58,Rural,3
267.74,Rural,3
168.75,Rural,3
102.66,Rural,3
191.82,Rural,3
271.62,Rural,3
140.87,Rural,3
172.46,Rural,3
230.9,Rural,3
41.51,Rural,3
136.44,Rural,3
118.58,Rural,3
196.9,Rural,3
141.28,Rural,3
73.36,Rural,3
185.54,Rural,3
172.39,Rural,3
210.79,Rural,3
178.54,Rural,3
65.13,Rural,3
322.59,Rural,3
57.97,Rural,3
132.21,Rural,3
180.92,Rural,3
192.67,Rural,3
247.01,Rural,3
309.28,Rural,3
130.1,Rural,3
151.95,Rural,3
210.14,Rural,3
212.29,Rural,3
48.42,Rural,3
98.35,Rural,3
93.11,Rural,3
129.62,Rural,3
85.75,Rural,3
110.98,Rural,3
107.96,Rural,3
125.33,Rural,3
182.84,Rural,3
191.72,Rural,3
347.04,Rural,3
112.1,Rural,3
145.2,Rural,3
375.4,Rural,3
182.43,Rural,3
158.64,Rural,3
165.84,Rural,3
156.84,Rural,3
137.39,Rural,3
183.45,Rural,3
104.73,Rural,3
109.58,Rural,3
139.33,Rural,3
275.38,Rural,3
133.05,Rural,3
124.32,Rural,3
115.95,Rural,3
75.02,Rural,3
174.87,Rural,3
207.99,Rural,3
125.57,Rural,3
135.46,Rural,3
102.63,Rural,3
267.82,Rural,3
213.36,Rural,3
88.91,Rural,3
148.8,Rural,3
105.26,Rural,3
93.24,Rural,3
101.23,Rural,3
57.09,Rural,3
187.15,Rural,3
95.34,Rural,3
61.57,Rural,3
122.8,Rural,3
106.34,Rural,3
162.02,Rural,3
117.21,Rural,3
414.52,Rural,3
61.58,Rural,3
153.62,Rural,3
145.65,Rural,3
114.29,Rural,3
132.56,Rural,3
99.6,Rural,3
169.43,Rural,3
55.87,Rural,3
120.71,Rural,3
130.81,Rural,3
135.71,Rural,3
92.82,Rural,3
200.72,Rural,3
181.35,Rural,3
187.55,Rural,3
177.26,Rural,3
226.32,Rural,3
120.96,Rural,3
222.13,Rural,3
146.66,Rural,3
108.83,Rural,3
117.49,Rural,3
185.47,Rural,3
135.86,Rural,3
224.43,Rural,3
216.78,Rural,3
116.43,Rural,3
222.64,Rural,3
105.47,Rural,3
147.18,Rural,3
134.18,Rural,3
85.91,Rural,3
116.93,Rural,3
149.24,Rural,3
147.56,Rural,3
76.4,Rural,3
107.67,Rural,3
109.84,Rural,3
153.79,Rural,3
119.34,Rural,3
306.14,Rural,3
93.91,Rural,3
292.46,Rural,3
143.06,Rural,3
140.63,Rural,3
123.76,Rural,3
296.35,Rural,3
151.19,Rural,3
225.08,Rural,3
134.23,Rural,3
121.51,Rural,3
183.25,Rural,3
210.95,Rural,3
145.32,Rural,3
179.42,Rural,3
172.47,Rural,3
103.24,Rural,3
150.25,Rural,3
136.76,Rural,3
408.59,Rural,3
169.08,Rural,3
133.07,Rural,3
148.78,Rural,3
136.19,Rural,3
167.44,Rural,3
74.55,Rural,3
85.6,Rural,3
224.85,Rural,3
196.98,Rural,3
319.18,Rural,3
197.5,Rural,3
155.65,Rural,3
153.63,Rural,3
93.23,Rural,3
182.99,Rural,3
194.67,Rural,3
177.26,Rural,3
133.14,Rural,3
150.93,Rural,3
138.1,Rural,3
87.74,Rural,3
280.94,Rural,3
127.91,Rural,3
184.15,Rural,3
185.72,Rural,3
172.85,Rural,3
67.31,Rural,3
149.14,Rural,3
100.65,Rural,3
69.03,Rural,3
88.83,Rural,3
132.43,Rural,3
299.8,Rural,3
239.03,Rural,3
124.44,Rural,3
232.17,Rural,3
81.79,Rural,3
135.49,Rural,3
112.01,Rural,3
153.51,Rural,3
184.24,Rural,3
98.47,Rural,3
165.21,Rural,3
163.69,Rural,3
117.07,Rural,3
173.5,Rural,3
103.99,Rural,3
113.08,Rural,3
170.41,Rural,3
103.89,Rural,3
163.98,Rural,3
87.99,Rural,3
133.93,Rural,3
118.61,Rural,3
399.19,Rural,3
154.63,Rural,3
158.01,Rural,3
144.8,Rural,3
91.98,Rural,3
259.48,Rural,3
161.32,Rural,3
103.09,Rural,3
265.55,Rural,3
59.35,Rural,3
105.67,Rural,3
86.69,Rural,3
182.79,Rural,3
164.49,Rural,3
126.23,Rural,3
105.74,Rural,3
207.32,Rural,3
125.88,Rural,3
71.88,Rural,3
102.78,Rural,3
118.32,Rural,3
95.11,Rural,3
86.59,Rural,3
105.88,Rural,3
106.98,Rural,3
83.43,Rural,3
123.16,Rural,3
170.08,Rural,3
226.35,Rural,3
167.17,Rural,3
83.17,Rural,3
89.59,Rural,3
117.42,Rural,3
139.36,Rural,3
182.92,Rural,3
361.92,Rural,3
190.6,Rural,3
115.87,Rural,3
123.01,Rural,3
152.5,Rural,3
142.03,Urban,5
86.61,Urban,5
261.12,Urban,5
155.51,Urban,5
120.66,Urban,5
179.59,Urban,5
213.34,Urban,5
215.52,Urban,5
126.11,Urban,5
177.06,Urban,5
105.22,Urban,5
321.09,Urban,5
261.1,Urban,5
202.44,Urban,5
350.77,Urban,5
117.64,Urban,5
215.67,Urban,5
216.83,Urban,5
266.74,Urban,5
159.91,Urban,5
257.27,Urban,5
246.03,Urban,5
196.75,Urban,5
137.33,Urban,5
265.51,Urban,5
151.63,Urban,5
176.2,Urban,5
196.95,Urban,5
254.39,Urban,5
250.15,Urban,5
276.47,Urban,5
100.08,Urban,5
329.29,Urban,5
222.82,Urban,5
261.74,Urban,5
144.09,Urban,5
175.47,Urban,5
153.82,Urban,5
420.01,Urban,5
245.07,Urban,5
400.08,Urban,5
371.96,Urban,5
242.13,Urban,5
84.42,Urban,5
308.83,Urban,5
74.08,Urban,5
258.63,Urban,5
133.7,Urban,5
191.43,Urban,5
283.31,Urban,5
196.15,Urban,5
252.53,Urban,5
299.57,Urban,5
190,Urban,5
115.14,Urban,5
121.67,Urban,5
216.84,Urban,5
165.39,Urban,5
221.81,Urban,5
262.75,Urban,5
168.21,Urban,5
334.91,Urban,5
504.73,Urban,5
349.47,Urban,5
91.8,Urban,5
297.2,Urban,5
231.37,Urban,5
208.21,Urban,5
177.29,Urban,5
272.31,Urban,5
207.28,Urban,5
263.42,Urban,5
164.71,Urban,5
126.1,Urban,5
237.65,Urban,5
212.48,Urban,5
295.28,Urban,5
287.21,Urban,5
269.75,Urban,5
289.41,Urban,5
185.5,Urban,5
210.42,Urban,5
379.85,Urban,5
311.03,Urban,5
207.1,Urban,5
199.47,Urban,5
305.74,Urban,5
193.14,Urban,5
234.65,Urban,5
303.49,Urban,5
144.13,Urban,5
183.86,Urban,5
456.32,Urban,5
117.35,Urban,5
124.99,Urban,5
178.89,Urban,5
235.11,Urban,5
433.23,Urban,5
215.86,Urban,5
167.93,Urban,5
212.7,Urban,5
143.8,Urban,5
197.85,Urban,5
254.68,Urban,5
180.49,Urban,5
251.8,Urban,5
166.31,Urban,5
419.56,Urban,5
446.89,Urban,5
306.88,Urban,5
202.53,Urban,5
217.88,Urban,5
292.07,Urban,5
445.54,Urban,5
304.88,Urban,5
227.42,Urban,5
196.45,Urban,5
194.95,Urban,5
169.43,Urban,5
111.54,Urban,5
163.5,Urban,5
288.67,Urban,5
128.43,Urban,5
186.83,Urban,5
178.49,Urban,5
258.84,Urban,5
157.64,Urban,5
118.67,Urban,5
207.34,Urban,5
130.61,Urban,5
184.26,Urban,5
202.17,Urban,5
291.98,Urban,5
230.05,Urban,5
192.65,Urban,5
250.63,Urban,5
133.24,Urban,5
298.21,Urban,5
277.07,Urban,5
208.07,Urban,5
324.71,Urban,5
146.99,Urban,5
166.3,Urban,5
237.98,Urban,5
262.9,Urban,5
134.61,Urban,5
341.6,Urban,5
280.33,Urban,5
262.68,Urban,5
171.73,Urban,5
175.99,Urban,5
133.09,Urban,5
103.74,Urban,5
366.26,Urban,5
183.65,Urban,5
268.88,Urban,5
331.58,Urban,5
345.8,Urban,5
231.37,Urban,5
143.01,Urban,5
114.84,Urban,5
165.79,Urban,5
116.75,Urban,5
181.08,Urban,5
234.58,Urban,5
215.45,Urban,5
180.35,Urban,5
176.35,Urban,5
243.41,Urban,5
142.42,Urban,5
220.56,Urban,5
195.47,Urban,5
185.18,Urban,5
136.8,Urban,5
134.46,Urban,5
241.86,Urban,5
452.45,Urban,5
105.07,Urban,5
313.37,Urban,5
150.72,Urban,5
347.92,Urban,5
211.45,Urban,5
230.55,Urban,5
196.05,Urban,5
459.2,Urban,5
263.27,Urban,5
185.57,Urban,5
247.33,Urban,6
99.53,Urban,6
92.75,Urban,6
196.22,Urban,6
140.94,Urban,6
192.62,Urban,6
604.15,Urban,6
148.86,Urban,6
249.4,Urban,6
359.02,Urban,6
217.99,Urban,6
323.2,Urban,6
279.11,Urban,6
506.35,Urban,6
200.35,Urban,6
211.77,Urban,6
124.13,Urban,6
97.31,Urban,6
323.27,Urban,6
133.71,Urban,6
165.55,Urban,6
108.75,Urban,6
370.68,Urban,6
266.15,Urban,6
158.45,Urban,6
562.31,Urban,6
380.24,Urban,6
404.84,Urban,6
167.93,Urban,6
119.01,Urban,6
293.02,Urban,6
186.99,Urban,6
262.8,Urban,6
216.11,Urban,6
273.96,Urban,6
398.22,Urban,6
391.8,Urban,6
188.31,Urban,6
217.53,Urban,6
247.88,Urban,6
426.8,Urban,6
533.91,Urban,6
415.83,Urban,6
169.11,Urban,6
259.02,Urban,6
296.05,Urban,6
569.23,Urban,6
124.19,Urban,6
1151.96,Urban,6
180.53,Urban,6
402.51,Urban,6
623.21,Urban,6
103.56,Urban,6
140.37,Urban,6
559.28,Urban,6
290.58,Urban,6
409.22,Urban,6
153.41,Urban,6
468.05,Urban,6
196.83,Urban,6
498.13,Urban,6
159.43,Urban,6
119.07,Urban,6
428.02,Urban,6
303.67,Urban,6
333.24,Urban,6
372.57,Urban,6
330.24,Urban,6
436.15,Urban,6
315.85,Urban,6
1416.38,Urban,6
185.04,Urban,6
306.01,Urban,6
197.67,Urban,6
468.39,Urban,6
512.22,Urban,6
261.8,Urban,6
339.32,Urban,6
196.14,Urban,6
117.98,Urban,6
329.82,Urban,6
233.31,Urban,6
243.36,Urban,6
300.41,Urban,6
172.14,Urban,6
78.71,Urban,6
622.22,Urban,6
589.39,Urban,6
309.25,Urban,6
226.17,Urban,6
207.04,Urban,6
1311.42,Urban,6
602.43,Urban,6
423.43,Urban,6
246.75,Urban,6
400.82,Urban,6
769.36,Urban,6
469.54,Urban,6
710.79,Urban,6
125.52,Urban,6
287.52,Urban,6
242.88,Urban,6
485.37,Urban,6
319.83,Urban,6
258.27,Urban,6
255.95,Urban,6
352.58,Urban,6
157.76,Urban,6
309.41,Urban,6
359.09,Urban,6
421.27,Urban,6
166.69,Urban,6
400.55,Urban,6
273.92,Urban,6
843.31,Urban,6
176.05,Urban,6
83.75,Urban,6
194.25,Urban,6
116.03,Urban,6
190.94,Urban,6
457.53,Urban,6
401.31,Urban,6
282.41,Urban,6
108.92,Urban,6
95.53,Urban,6
257.73,Urban,6
75.46,Urban,6
468.26,Urban,6
787.62,Urban,6
173.84,Urban,6
218.27,Urban,6
298.53,Urban,6
385.59,Urban,6
156.59,Urban,6
179.76,Urban,6
299.55,Urban,6
102.17,Urban,6
237.65,Urban,6
203.56,Urban,6
253.59,Urban,6
157.68,Urban,6
947.85,Urban,6
465.79,Urban,6
285.95,Urban,6
308.09,Urban,6
96.79,Urban,6
914.91,Urban,6
119.73,Urban,6
143.58,Urban,6
186.86,Urban,6
401.96,Urban,6
257.87,Urban,6
138.25,Urban,6
195.41,Urban,6
389.22,Urban,6
977.41,Urban,6
263.21,Urban,6
297.13,Urban,6
171.94,Urban,6
291.57,Urban,6
116.82,Urban,6
587.29,Urban,6
238.95,Urban,6
191.14,Urban,6
122.51,Urban,6
191.24,Urban,6
413.36,Urban,6
267.57,Urban,6
219.27,Urban,6
384.87,Urban,6
845.51,Urban,6
218.16,Urban,6
411.46,Urban,6
309.79,Urban,6
373.03,Urban,6
446.09,Urban,6
427.45,Urban,6
345.73,Urban,6
521.2,Urban,6
293.07,Urban,6
365.67,Urban,6
223.33,Urban,6
104.33,Urban,6
175.59,Urban,6
465.99,Urban,6
768.45,Urban,6
438.23,Urban,6
502.34,Urban,6
142.98,Urban,6
278.58,Urban,6
513.43,Urban,6
135.78,Urban,6
186.44,Urban,6
416.21,Urban,6
213.71,Urban,6
407.65,Urban,6
277.63,Urban,6
373.34,Urban,6
726.34,Urban,6
122.98,Urban,6
169.23,Urban,6
284.58,Urban,6
309.65,Urban,6
289.09,Urban,6
158.62,Urban,6
195.31,Urban,6
178.68,Urban,6
215.69,Urban,6
173.25,Urban,6
255.83,Urban,6
1203.65,Urban,6
294.27,Urban,6
624,Urban,6
440.37,Urban,6
141.76,Urban,6
339.13,Urban,6
315.88,Urban,6
196.4,Urban,6
854.11,Urban,6
240.43,Urban,6
774.13,Urban,6
327.17,Urban,6
416.94,Urban,6
728.47,Urban,6
154.23,Urban,6
248.71,Urban,6
270.52,Urban,6
721.51,Urban,6
140.62,Urban,6
468.69,Urban,6
310.21,Urban,6
497.92,Urban,6
289.75,Urban,6
103.12,Urban,6
338.92,Urban,6
359.95,Urban,6
242.1,Urban,6
254.8,Urban,6
321.9,Urban,6
552.04,Urban,6
338.7,Urban,6
184.78,Urban,6
385.9,Urban,6
263.29,Urban,6
319.22,Urban,6
335.6,Urban,6
233.17,Urban,6
284.31,Urban,6
308.06,Urban,6
393.64,Urban,6
419.65,Urban,6
243.21,Urban,6
646.46,Urban,6
430.33,Urban,6
224.1,Urban,6
455.62,Urban,6
784.51,Urban,6
812.53,Urban,6
271.48,Urban,6
205.02,Urban,6
706.18,Urban,6
234.39,Urban,6
247.22,Urban,6
144.69,Urban,6
276.35,Urban,6
467.59,Urban,6
656.12,Urban,6
739.38,Urban,6
153.22,Urban,6
428.26,Urban,6
155.76,Urban,6
119.28,Urban,6
333.95,Urban,6
686.13,Urban,6
570.59,Urban,6
385.52,Urban,6
294.57,Urban,6
187.53,Urban,6
233.54,Urban,6
125.59,Urban,6
165.95,Urban,6
410.98,Urban,6
129.36,Urban,6
237.69,Urban,6
204.1,Urban,6
803.06,Urban,6
196.14,Urban,6
409.38,Urban,6
536.42,Urban,6
373.67,Urban,6
259.05,Urban,6
627.88,Urban,6
506.78,Urban,6
341.14,Urban,6
747.22,Urban,6
144.86,Urban,6
201.66,Urban,6
195.88,Urban,6
162.66,Urban,6
202.58,Urban,6
383.55,Urban,6
156.94,Urban,6
416.25,Urban,6
356.25,Urban,6
74.26,Urban,6
719.61,Urban,6
135.94,Urban,6
253.63,Urban,6
219.24,Urban,6
205.37,Urban,6
222.78,Urban,6
237.41,Urban,6
358.52,Urban,6
156.12,Urban,6
111.73,Urban,6
225.53,Urban,6
283.87,Urban,6
141.73,Urban,6
82.63,Urban,6
211.87,Urban,6
139.42,Urban,6
280.55,Urban,6
268.25,Urban,6
310.09,Urban,6
353.47,Urban,6
604.75,Urban,6
295.63,Urban,6
860.1,Urban,6
202.42,Urban,6
1366.94,Urban,6
300.96,Urban,6
922.32,Urban,6
219.65,Urban,6
255.03,Urban,6
244.74,Urban,6
379.12,Urban,6
392.55,Urban,6
151.97,Urban,6
288.7,Urban,6
141.73,Urban,6
306.09,Urban,6
331.89,Urban,6
438.4,Urban,6
223.05,Urban,6
376.57,Urban,6
181.17,Urban,6
369.92,Urban,6
352,Urban,6
204.49,Urban,6
288.47,Urban,6
164.21,Urban,6
161.99,Urban,6
265.16,Urban,6
568.62,Urban,6
318.46,Urban,6
166.25,Urban,6
648.62,Urban,6
230.57,Urban,6
522.69,Urban,6
174.79,Urban,6
1086.91,Urban,6
125.84,Urban,6
277.67,Urban,6
183.58,Urban,6
246.52,Urban,6
188.79,Urban,6
396.29,Urban,6
677.98,Urban,6
249.67,Urban,6
876.63,Urban,6
1137.75,Urban,6
136.66,Urban,6
533.84,Urban,6
302.72,Urban,6
143.77,Urban,6
206.32,Urban,6
271,Urban,6
212.9,Urban,6
267.9,Urban,6
203.85,Urban,6
352.07,Urban,6
222.5,Urban,6
187.39,Urban,6
657.05,Urban,6
178.63,Urban,6
411.94,Urban,6
224.48,Urban,6
640.37,Urban,6
1398.09,Urban,6
815.34,Urban,6
315.03,Urban,6
554.9,Urban,6
929.55,Urban,4
397.02,Urban,4
252.47,Urban,4
159.23,Urban,4
229.24,Urban,4
113.93,Urban,4
125.35,Urban,4
373.42,Urban,4
274.31,Urban,4
350.07,Urban,4
174.03,Urban,4
136.35,Urban,4
124.23,Urban,4
281.65,Urban,4
456.61,Urban,4
179.73,Urban,4
259.51,Urban,4
136.37,Urban,4
197.19,Urban,4
180.87,Urban,4
812.58,Urban,4
160.84,Urban,4
406.18,Urban,4
220.54,Urban,4
350.02,Urban,4
245.18,Urban,4
116.45,Urban,4
109.63,Urban,4
198.55,Urban,4
265.17,Urban,4
159.23,Urban,4
310.74,Urban,4
100.14,Urban,4
70.6,Urban,4
219.43,Urban,4
158.3,Urban,4
148.03,Urban,4
229.51,Urban,4
204.75,Urban,4
549.16,Urban,4
362.1,Urban,4
241.8,Urban,4
298.89,Urban,4
323.74,Urban,4
335.27,Urban,4
479.14,Urban,4
130.46,Urban,4
431.17,Urban,4
1178.21,Urban,4
242.09,Urban,4
197.72,Urban,4
483.12,Urban,4
222.87,Urban,4
422.56,Urban,4
940.25,Urban,4
531.81,Urban,4
244.18,Urban,4
299.45,Urban,4
198.91,Urban,4
233.06,Urban,4
573.52,Urban,4
134.96,Urban,4
181.32,Urban,4
307.63,Urban,4
254.48,Urban,4
308.04,Urban,4
851.86,Urban,4
199.54,Urban,4
137.14,Urban,4
143.92,Urban,4
493.15,Urban,4
164.32,Urban,4
177.16,Urban,4
831.14,Urban,4
171.06,Urban,4
276.1,Urban,4
803.32,Urban,4
454.62,Urban,4
96.51,Urban,4
288.79,Urban,4
365.51,Urban,4
126.81,Urban,4
240.11,Urban,4
261.54,Urban,4
560.76,Urban,4
239.98,Urban,4
221.5,Urban,4
182.64,Urban,4
90.33,Urban,4
179.18,Urban,4
185.9,Urban,4
798.71,Urban,4
109.5,Urban,4
200.5,Urban,4
127.42,Urban,4
146.41,Urban,4
193.2,Urban,4
246.99,Urban,4
412.52,Urban,4
145.3,Urban,4
98.44,Urban,4
335.96,Urban,4
215.53,Urban,4
161.9,Urban,4
343.41,Urban,4
401.72,Urban,4
102.45,Urban,4
94.94,Urban,4
180.12,Urban,1
346.71,Urban,1
134.22,Urban,1
184.64,Urban,1
148.44,Urban,1
322.37,Urban,1
144.86,Urban,1
362.47,Urban,1
137.95,Urban,1
409.7,Urban,1
1631.43,Urban,1
98.95,Urban,1
238.49,Urban,1
335.65,Urban,1
203.9,Urban,1
710.19,Urban,1
382.23,Urban,1
165.4,Urban,1
336.57,Urban,1
197.84,Urban,1
118.95,Urban,1
542.37,Urban,1
209.12,Urban,1
429.51,Urban,1
278.68,Urban,1
63.73,Urban,1
158.77,Urban,1
346.28,Urban,1
220.26,Urban,1
257.14,Urban,1
245.32,Urban,1
180.76,Urban,1
175.74,Urban,1
209.71,Urban,1
135.52,Urban,1
161.73,Urban,1
96.59,Urban,1
158.2,Urban,1
127.5,Urban,1
424.79,Urban,1
405.18,Urban,1
487.25,Urban,1
385.9,Urban,1
547.7,Urban,1
218.32,Urban,1
145.83,Urban,1
78.54,Urban,1
187.38,Urban,1
72.06,Urban,1
213.3,Urban,1
158.58,Urban,1
241.34,Urban,1
168.59,Urban,1
270.64,Urban,1
229.7,Urban,1
390.55,Urban,1
322.73,Urban,1
234.1,Urban,1
293.7,Urban,1
67.22,Urban,1
330.72,Urban,1
247.63,Urban,1
722.23,Urban,1
90.5,Urban,1
275.01,Urban,1
405.77,Urban,1
948.9,Urban,1
114,Urban,1
249.25,Urban,1
907.59,Urban,1
324.41,Urban,1
503.84,Urban,1
214.04,Urban,1
277.21,Urban,1
162.23,Urban,1
343.49,Urban,1
71.27,Urban,1
96.5,Urban,1
200.25,Urban,1
45.53,Urban,1
162.5,Urban,1
218.36,Urban,1
231.98,Urban,1
278.71,Urban,1
376.48,Urban,1
282.9,Urban,1
212.58,Urban,1
221.94,Urban,1
449.37,Urban,1
141.21,Urban,1
391.47,Urban,1
400.33,Urban,1
662.18,Urban,1
246.7,Urban,1
124.12,Urban,1
273.85,Urban,1
1143.72,Urban,1
226.81,Urban,1
313.11,Urban,1
263.63,Urban,1
208.05,Urban,1
169.63,Urban,1
323.78,Urban,1
328.05,Urban,1
202.24,Urban,1
187.29,Urban,1
195.02,Urban,1
335.46,Urban,1
129.44,Urban,1
173.32,Urban,1
120.99,Urban,1
489.1,Urban,1
250.44,Urban,1
550.21,Urban,1
365.09,Urban,1
219.52,Urban,1
175.9,Urban,1
1204.1,Urban,1
120.76,Urban,1
51.55,Urban,1
277.47,Urban,1
210.1,Urban,1
230.36,Urban,1
410.66,Urban,1
219.45,Urban,1
332.49,Urban,1
848.88,Urban,1
513.62,Urban,1
136.49,Urban,1
323.57,Urban,1
252.92,Urban,1
486.34,Urban,1
227.44,Urban,1
339.59,Urban,1
703.09,Urban,1
276.31,Urban,1
143.41,Urban,1
580.23,Urban,1
250,Urban,1
303.8,Urban,1
205.94,Urban,1
201.73,Urban,1
137.05,Urban,1
108.55,Urban,1
299.82,Urban,1
95.46,Urban,1
514.02,Urban,1
219.76,Urban,1
103.55,Urban,1
193.5,Urban,1
236.65,Urban,1
280.39,Urban,1
181.53,Urban,1
147.99,Urban,1
259.42,Urban,1
140.87,Urban,1
77.55,Urban,1
485.87,Urban,1
137.31,Urban,1
78.28,Urban,1
73.15,Urban,1
396.05,Urban,1
254.98,Urban,1
125.22,Urban,1
138.03,Urban,1
482.12,Urban,1
166.72,Urban,1
307.34,Urban,1
275.7,Urban,1
240.39,Urban,1
565.39,Urban,1
277.21,Urban,1
110.35,Urban,1
109.5,Urban,1
202.1,Urban,1
358.87,Urban,1
287.39,Urban,1
275.32,Urban,1
259.52,Urban,1
667.69,Urban,1
310.7,Urban,1
129.86,Urban,1
101.28,Urban,1
219.13,Urban,1
114.2,Urban,1
118.81,Urban,1
412.68,Urban,1
255.17,Urban,1
402.89,Urban,1
188.73,Urban,1
125.1,Urban,1
77.2,Urban,1
411.03,Urban,1
186.64,Urban,1
181.11,Urban,1
133.9,Urban,1
155.45,Urban,1
300.08,Urban,1
268.34,Urban,1
187.45,Urban,1
125.52,Urban,1
509.22,Urban,1
118.96,Urban,1
192.78,Urban,1
181.93,Urban,1
267.7,Urban,1
265.62,Urban,1
250.46,Urban,1
415.43,Urban,1
185.39,Urban,1
209.32,Urban,1
316.46,Urban,1
211.36,Urban,1
454.66,Urban,1
172.13,Urban,1
344.39,Urban,1
334.76,Urban,1
401.93,Urban,1
513.61,Urban,1
134.77,Urban,1
83.76,Urban,1
190.14,Urban,1
200.35,Urban,1
386.73,Urban,1
326.91,Urban,1
198.32,Urban,1
232.5,Urban,1
174.18,Urban,1
364.01,Urban,1
211.42,Urban,1
368.49,Urban,1
200,Urban,1
402.58,Urban,1
219.17,Urban,1
130.12,Urban,1
231.42,Urban,1
162.69,Urban,1
410.36,Urban,1
170.54,Urban,1
163.71,Urban,1
615.36,Urban,1
434.73,Urban,1
525.62,Urban,1
226.66,Urban,1
197.55,Urban,1
150.3,Urban,1
106.59,Urban,1
403.79,Urban,1
322.2,Urban,1
1355.19,Urban,1
268.65,Urban,1
108.39,Urban,1
321.53,Urban,7
443.43,Urban,7
359.98,Urban,7
268.41,Urban,7
1286.72,Urban,7
810.14,Urban,7
528.38,Urban,7
349.86,Urban,7
331.67,Urban,7
425.73,Urban,7
452.73,Urban,7
691.6,Urban,7
866.32,Urban,7
341.22,Urban,7
135.73,Urban,7
165.71,Urban,7
729.06,Urban,7
297.03,Urban,7
729.98,Urban,7
314.8,Urban,7
944.75,Urban,7
849.78,Urban,7
1392.31,Urban,7
572.22,Urban,7
290.97,Urban,7
552.96,Urban,7
256.69,Urban,7
254.57,Urban,7
315.33,Urban,7
526.81,Urban,7
498.3,Urban,7
716.27,Urban,7
277.36,Urban,7
857.54,Urban,7
108.04,Urban,7
583.77,Urban,7
195.74,Urban,7
394.22,Urban,7
413.44,Urban,7
1796.31,Urban,7
315.97,Urban,7
277.86,Urban,7
198.34,Urban,7
545.6,Urban,7
283,Urban,7
113.75,Urban,7
178.45,Urban,7
266.63,Urban,7
307.82,Urban,7
914.7,Urban,7
469.85,Urban,7
493.63,Urban,7
266.67,Urban,7
290.77,Urban,7
249.64,Urban,7
518.38,Urban,7
282.14,Urban,7
519.97,Urban,7
1017.2,Urban,7
179.24,Urban,7
189.99,Urban,7
562.89,Urban,7
1005.05,Urban,7
264.94,Urban,7
612.78,Urban,7
531.11,Urban,7
118.98,Urban,7
603.22,Urban,7
165.84,Urban,7
458.23,Urban,7
1091.91,Urban,7
922.45,Urban,7
339.32,Urban,7
462.7,Urban,7
401.42,Urban,7
876.54,Urban,7
733.54,Urban,7
643.25,Urban,7
182.72,Urban,7
406.85,Urban,7
95.42,Urban,7
527.77,Urban,7
726.91,Urban,7
779.6,Urban,7
415.45,Urban,7
188.11,Urban,7
407.55,Urban,7
254.64,Urban,7
690,Urban,7
377.15,Urban,7
979.41,Urban,7
412.55,Urban,7
496.06,Urban,7
564.52,Urban,7
305.1,Urban,7
565.96,Urban,7
82.62,Urban,7
376.34,Urban,7
453.73,Urban,7
795.33,Urban,7
163.72,Urban,7
795.7,Urban,7
390.51,Urban,7
247.27,Urban,7
143.97,Urban,7
415.79,Urban,7
468.76,Urban,7
369.56,Urban,7
173.97,Urban,7
683.69,Urban,7
661.89,Urban,7
456.58,Urban,7
192.86,Urban,7
167.73,Urban,7
267,Urban,7
401.38,Urban,7
206.6,Urban,7
665.5,Urban,7
252.15,Urban,7
236.94,Urban,7
142.03,Urban,7
772.29,Urban,7
437.57,Urban,7
740.66,Urban,7
234.91,Urban,7
884.91,Urban,7
269.14,Urban,7
291.53,Urban,7
305.55,Urban,7
294.17,Urban,7
386.6,Urban,7
348.73,Urban,7
171.02,Urban,7
605.96,Urban,7
1513.62,Urban,7
1007.58,Urban,7
215.31,Urban,7
147.97,Urban,7
234.11,Urban,7
154.26,Urban,7
236.85,Urban,7
104.33,Urban,7
117.52,Urban,7
253.13,Urban,7
456.39,Urban,7
172.18,Urban,7
793.03,Urban,7
1287.47,Urban,7
421.3,Urban,7
408.15,Urban,7
197.76,Urban,7
491.25,Urban,7
526.41,Urban,7
315.82,Urban,7
1092.75,Urban,7
294.06,Urban,7
401.68,Urban,7
973.77,Urban,7
352.49,Urban,7
336.81,Urban,7
368.85,Urban,7
546.29,Urban,7
467.5,Urban,7
832.64,Urban,7
305.83,Urban,7
359.1,Urban,7
191.87,Urban,7
308.63,Urban,7
632.96,Urban,7
719.52,Urban,7
312.72,Urban,7
366.03,Urban,7
375.07,Urban,7
325.53,Urban,7
175.33,Urban,7
224.51,Urban,7
1309.69,Urban,7
424.11,Urban,7
263.45,Urban,7
157.72,Urban,7
634.78,Urban,7
208.03,Urban,7
262.44,Urban,7
371.48,Urban,7
195.57,Urban,7
182.1,Urban,7
441.75,Urban,7
390.99,Urban,7
340.88,Urban,7
284.5,Urban,7
202.23,Urban,7
466.13,Urban,7
235.48,Urban,7
354.04,Urban,7
379.98,Urban,7
514.48,Urban,7
582.19,Urban,7
260.43,Urban,7
227.86,Urban,7
710.28,Urban,7
203.21,Urban,7
854.76,Urban,7
612.4,Urban,7
139.72,Urban,7
294.38,Urban,7
306.58,Urban,7
205.31,Urban,7
713.91,Urban,7
1144.27,Urban,7
415.97,Urban,7
437.45,Urban,7
192.59,Urban,7
522.59,Urban,7
534.2,Urban,7
439.23,Urban,7
404.98,Urban,7
425.46,Urban,7
236.63,Urban,7
276.47,Urban,7
343.22,Urban,7
260.83,Urban,7
215.16,Urban,7
992.33,Urban,7
371.71,Urban,7
767.47,Urban,7
552.49,Urban,7
174.22,Urban,7
304.06,Urban,7
592.03,Urban,7
466.97,Urban,7
360.08,Urban,7
803.47,Urban,7
287.83,Urban,7
145.94,Urban,7
516.99,Urban,7
420.97,Urban,7
252.47,Urban,7
168.25,Urban,7
432.07,Urban,7
193.33,Urban,7
206.74,Urban,7
1097.16,Urban,7
204.38,Urban,7
215.45,Urban,7
334.03,Urban,7
203.47,Urban,7
311.02,Urban,7
2041.65,Urban,7
294.33,Urban,7
1572,Urban,7
401.08,Urban,7
241.89,Urban,7
466.26,Urban,7
323.42,Urban,7
335.66,Urban,7
889.18,Urban,7
1109.65,Urban,7
367.71,Urban,7
269.5,Urban,7
382.08,Urban,7
539.95,Urban,7
374.03,Urban,7
271.42,Urban,7
207.54,Urban,7
154.48,Urban,7
561.71,Urban,7
589.25,Urban,7
620.37,Urban,7
320.09,Urban,7
257.48,Urban,7
341.27,Urban,7
220.48,Urban,7
199.69,Urban,7
806.75,Urban,7
293.34,Urban,7
437.24,Urban,7
1429.26,Urban,7
633.09,Urban,7
277.25,Urban,7
397.28,Urban,7
278.43,Urban,7
355.44,Urban,7
273.36,Urban,7
330.91,Urban,7
430.53,Urban,7
392.7,Urban,7
644.05,Urban,7
896.47,Urban,7
398.61,Urban,7
342.06,Urban,7
230.57,Urban,7
537.54,Urban,7
393.47,Urban,7
486.76,Urban,7
378.85,Urban,7
417.5,Urban,7
616.63,Urban,7
177.07,Urban,7
281.44,Urban,7
157.75,Urban,7
292.35,Urban,7
288.9,Urban,7
190.62,Urban,7
399.9,Urban,7
599.44,Urban,7
1058.24,Urban,7
352.11,Urban,7
210.19,Urban,7
292.59,Urban,7
351.89,Urban,7
278.73,Urban,7
694.68,Urban,7
326.43,Urban,7
691.08,Urban,7
680.12,Urban,7
614.64,Urban,7
834.75,Urban,7
342.58,Urban,7
631.37,Urban,7
625.91,Urban,7
447.33,Urban,7
381.9,Urban,7
361.36,Urban,7
230.78,Urban,7
453.38,Urban,7
315.02,Urban,7
295.81,Urban,7
322.26,Urban,7
507.41,Urban,7
321.83,Urban,7
254.72,Urban,7
404.16,Urban,7
475.78,Urban,7
184,Urban,7
882.51,Urban,7
207.86,Urban,7
294.95,Urban,7
385.83,Urban,7
390.79,Urban,7
701.7,Urban,7
253.36,Urban,7
661.11,Urban,7
404.95,Urban,7
629.85,Urban,7
431.64,Urban,7
761.96,Urban,7
165,Urban,7
247.84,Urban,7
546.29,Urban,7
871.46,Urban,7
220.6,Urban,7
738.75,Urban,7
793.51,Urban,7
254.47,Urban,7
351.06,Urban,7
328.53,Urban,7
212.2,Urban,7
161.21,Urban,7
566.33,Urban,7
1186.1,Urban,7
684.46,Urban,7
470.26,Urban,7
243.73,Urban,7
472.31,Urban,7
164.65,Urban,7
536.19,Urban,7
418.23,Urban,7
189.71,Urban,7
472.1,Urban,7
497.6,Urban,7
290.29,Urban,7
344.02,Urban,7
628.92,Urban,7
354.14,Urban,7
635.23,Urban,7
98.82,Urban,7
178.16,Urban,7
468.43,Urban,7
443.02,Urban,7
666.09,Urban,7
544.46,Urban,7
414.3,Urban,7
191.11,Urban,7
751.56,Urban,7
263.83,Urban,7
3053.45,Urban,7
180.31,Urban,7
411.07,Urban,7
556.06,Urban,7
280.83,Urban,7
430.17,Urban,7
236.39,Urban,7
415.97,Urban,7
232.88,Urban,7
392.77,Urban,7
119.41,Urban,7
326.67,Urban,7
438.62,Urban,7
518.45,Urban,7
591.57,Urban,7
678.21,Urban,7
319.98,Urban,7
1175.46,Urban,7
634.71,Urban,7
322.45,Urban,7
618.56,Urban,7
311.99,Urban,7
807.52,Urban,7
257.82,Urban,7
539.05,Urban,7
508.17,Urban,7
768.21,Urban,7
290.02,Urban,7
343.42,Urban,7
536.35,Urban,7
443.29,Urban,7
427.74,Urban,7
213.89,Urban,7
544.26,Urban,7
101.01,Urban,7
512.97,Urban,7
143.68,Urban,7
445,Urban,7
207.17,Urban,7
464.44,Urban,7
481.29,Urban,7
515.08,Urban,7
388.95,Urban,7
587.5,Urban,7
383.66,Urban,7
385.16,Urban,7
760.29,Urban,7
867.89,Urban,7
374.04,Urban,7
884.83,Urban,7
433.4,Urban,7
420.76,Urban,7
296.86,Urban,7
675.9,Urban,7
717.66,Urban,7
208.06,Urban,7
588.32,Urban,7
172.83,Urban,7
976.94,Urban,7
300.75,Urban,7
437.96,Urban,7
1022.63,Urban,7
279.03,Urban,7
631.26,Urban,7
395.09,Urban,7
405.68,Urban,7
483.18,Urban,7
471.11,Urban,7
395.32,Urban,7
449.52,Urban,7
160.22,Urban,7
635.9,Urban,7
215.91,Urban,7
540.88,Urban,7
377.46,Urban,7
511.25,Urban,7
553.21,Urban,7
152.56,Urban,7
569.69,Urban,7
644.01,Urban,7
634.53,Urban,7
384.96,Urban,7
329.49,Urban,7
2071.1,Urban,7
350.14,Urban,7
536.7,Urban,7
165.4,Urban,7
997.49,Urban,7
441.4,Urban,7
340.57,Urban,7
873.83,Urban,7
1027.99,Urban,7
202.14,Urban,7
1576.95,Urban,7
692.47,Urban,7
560.78,Urban,7
364.38,Urban,7
790.35,Urban,7
815.44,Urban,7
333.36,Urban,7
73.65,Urban,7
269.32,Urban,7
622.2,Urban,7
116.17,Urban,7
389.03,Urban,7
288.68,Urban,7
375.14,Urban,7
254.76,Urban,7
233.13,Urban,7
351.95,Urban,7
289.04,Urban,7
216.48,Urban,7
711.03,Urban,7
608.51,Urban,7
762.7,Urban,7
125.36,Urban,7
625.51,Urban,7
955.97,Urban,7
445.49,Urban,7
149.52,Urban,7
205.28,Urban,7
348.28,Urban,7
450.27,Urban,7
350.59,Urban,7
90.91,Urban,3
60.57,Urban,3
699.27,Urban,3
246.41,Urban,3
190.46,Urban,3
475.61,Urban,3
597.01,Urban,3
89.32,Urban,3
457.43,Urban,3
98.13,Urban,3
137.34,Urban,3
371.71,Urban,3
225.9,Urban,3
365.1,Urban,3
309.99,Urban,3
103.17,Urban,3
326.19,Urban,3
189.45,Urban,3
100.76,Urban,3
153.08,Urban,3
297.21,Urban,3
439.75,Urban,3
222.89,Urban,3
237.18,Urban,3
712.6,Urban,3
70.52,Urban,3
151.34,Urban,3
300.63,Urban,3
240,Urban,3
143.67,Urban,3
284.4,Urban,3
233.99,Urban,3
456.32,Urban,3
553.79,Urban,3
133.3,Urban,3
225.64,Urban,3
268.47,Urban,3
318.87,Urban,3
502.04,Urban,3
350.55,Urban,3
310.55,Urban,3
460.31,Urban,3
76.42,Urban,3
236.13,Urban,3
349.86,Urban,3
95.16,Urban,3
597.02,Urban,3
307.89,Urban,3
682.46,Urban,3
300.07,Urban,3
199.82,Urban,3
286.27,Urban,3
360.4,Urban,3
148,Urban,3
528.7,Urban,3
408.32,Urban,3
980.92,Urban,3
203.47,Urban,3
117.64,Urban,3
355.34,Urban,3
346.13,Urban,3
251.61,Urban,3
160.79,Urban,3
228.86,Urban,3
211.24,Urban,3
462.52,Urban,3
371.84,Urban,3
146.49,Urban,3
169.64,Urban,3
254.23,Urban,3
172.26,Urban,3
192.45,Urban,3
85.11,Urban,3
92.35,Urban,3
690.36,Urban,3
255.28,Urban,3
461.45,Urban,3
323.33,Urban,3
179.31,Urban,3
138.24,Urban,3
559.53,Urban,3
171.27,Urban,3
249.4,Urban,3
83.26,Urban,3
1754.48,Urban,3
181.02,Urban,3
278.25,Urban,3
806.41,Urban,3
517.66,Urban,3
198.84,Urban,3
273.96,Urban,3
580.44,Urban,3
70.97,Urban,3
337.39,Urban,3
278.36,Urban,3
197.08,Urban,3
333.01,Urban,3
415.57,Urban,3
136.55,Urban,3
383.03,Urban,3
544.8,Urban,3
329.17,Urban,3
892.9,Urban,3
116.02,Urban,3
155.15,Urban,3
135.4,Urban,3
742.99,Urban,3
408.62,Urban,3
252.61,Urban,3
182.15,Urban,3
426.35,Urban,3
157.94,Urban,3
1229.81,Urban,3
98.7,Urban,3
219.03,Urban,3
279.11,Urban,3
777.29,Urban,3
131.07,Urban,3
392.82,Urban,3
163.2,Urban,3
148,Urban,3
201.95,Urban,3
329.62,Urban,3
166.52,Urban,3
143.5,Urban,3
120.04,Urban,3
449.96,Urban,3
457.73,Urban,3
134.65,Urban,3
371.12,Urban,3
204.53,Urban,3
428.03,Urban,3
240.62,Urban,3
178.34,Urban,3
173.01,Urban,3
233.41,Urban,3
430.6,Urban,3
663.95,Urban,3
473.67,Urban,3
444.17,Urban,3
444.45,Urban,3
309.54,Urban,3
170.3,Urban,3
156.01,Urban,3
702.84,Urban,3
168.61,Urban,3
251.65,Urban,3
168.04,Urban,3
250.81,Urban,3
167.1,Urban,3
140.73,Urban,3
380.85,Urban,3
692.83,Urban,3
304.63,Urban,3
331.92,Urban,3
460.31,Urban,3
66.14,Urban,3
355.22,Urban,3
151.48,Urban,3
272.15,Urban,3
102.2,Urban,3
133.64,Urban,3
289.98,Urban,3
285.25,Urban,3
181.44,Urban,3
1332,Urban,3
286.61,Urban,3
568.52,Urban,3
131.39,Urban,3
267.38,Urban,3
203.98,Urban,3
155.62,Urban,3
202.57,Urban,3
110.07,Urban,3
246.52,Urban,3
172.47,Urban,3
241.12,Urban,3
317.24,Urban,3
719.5,Urban,3
172.09,Urban,3
214.98,Urban,3
307.25,Urban,3
333.51,Urban,3
593.26,Urban,3
994.95,Urban,3
240.04,Urban,3
613.47,Urban,3
596.03,Urban,3
427.47,Urban,3
289.56,Urban,3
102.23,Urban,3
261.54,Urban,3
265.73,Urban,3
269.61,Urban,3
176.1,Urban,3
507.63,Urban,3
296.64,Urban,3
240.41,Urban,3
193.59,Urban,3
91.86,Urban,3
92.93,Urban,3
162.19,Urban,3
146.35,Urban,3
240.69,Urban,3
136.44,Urban,3
373.81,Urban,3
263.43,Urban,3
153.55,Urban,3
267.4,Urban,3
195.63,Urban,3
296.63,Urban,3
85.56,Urban,3
310.65,Urban,3
167.41,Urban,3
187.66,Urban,3
193.83,Urban,3
264.46,Urban,3
102.47,Urban,3
229.06,Urban,3
615.22,Urban,3
334.69,Urban,3
203.86,Urban,3
368.31,Urban,3
236.87,Urban,3
326.19,Urban,3
370.37,Urban,3
205.81,Urban,3
304.38,Urban,3
183.57,Urban,3
509.14,Urban,3
295.57,Urban,3
327.63,Urban,3
71.1,Urban,3
228.97,Urban,3
174.11,Urban,3
192.48,Urban,3
230.78,Urban,3
382.35,Urban,3
198.06,Urban,3
463.88,Urban,3
303.32,Urban,3
227.19,Urban,3
116.34,Urban,3
278.36,Urban,3
689.53,Urban,3
292.77,Urban,3
269.2,Urban,3
214.98,Urban,3
319.28,Urban,3
258.25,Urban,3
676.66,Urban,3
159.89,Urban,3
142.71,Urban,3
254.15,Urban,3
841.36,Urban,3
152.43,Urban,3
556.05,Urban,3
153.2,Urban,3
583.01,Urban,3
1065.06,Urban,3
340.74,Urban,3
98.82,Urban,3
294.71,Urban,3
227.92,Urban,3
168.27,Urban,3
238.61,Urban,3
271.22,Urban,3
323.05,Urban,3
114.24,Urban,3
130.01,Urban,3
196.75,Urban,3
374.37,Urban,3
429.27,Urban,3
133.69,Urban,3
127.44,Urban,3
144.03,Urban,3
320.83,Urban,3
351.78,Urban,3
119.21,Urban,3
298.8,Urban,3
303.77,Urban,3
652.42,Urban,3